Timecode,BlendShapeCount,EyeBlinkLeft,EyeLookDownLeft,EyeLookInLeft,EyeLookOutLeft,EyeLookUpLeft,EyeSquintLeft,EyeWideLeft,EyeBlinkRight,EyeLookDownRight,EyeLookInRight,EyeLookOutRight,EyeLookUpRight,EyeSquintRight,EyeWideRight,JawForward,JawLeft,JawRight,JawOpen,MouthClose,MouthFunnel,MouthPucker,MouthLeft,MouthRight,MouthSmileLeft,MouthSmileRight,MouthFrownLeft,MouthFrownRight,MouthDimpleLeft,MouthDimpleRight,MouthStretchLeft,MouthStretchRight,MouthRollLower,MouthRollUpper,MouthShrugLower,MouthShrugUpper,MouthPressLeft,MouthPressRight,MouthLowerDownLeft,MouthLowerDownRight,MouthUpperUpLeft,MouthUpperUpRight,BrowDownLeft,BrowDownRight,BrowInnerUp,BrowOuterUpLeft,BrowOuterUpRight,CheekPuff,CheekSquintLeft,CheekSquintRight,NoseSneerLeft,NoseSneerRight,TongueOut,HeadYaw,HeadPitch,HeadRoll,LeftEyeYaw,LeftEyePitch,LeftEyeRoll,RightEyeYaw,RightEyePitch,RightEyeRoll
00:00:00:00,61,1.0,0.0348,0.03516,0.01735,0.06384,0.207,0.1099,1.0,0.03458,0.08124,0.004333,0.064,0.208,0.1094,0.04752,0.01249,0.005096,0.02913,0.02646,0.08307,0.05515,0.00602,0.006676,0.03006,0.03528,0.06158,0.0529,0.1076,0.10895,0.0926,0.08496,0.0913,0.05563,0.1622,0.01,0.05566,0.0614,0.05817,0.05933,0.03745,0.03595,0.2168,0.2175,0.05655,0.01491,0.01482,0.05295,0.06033,0.0563,0.0803,0.0768,0.0,0.0,0.0,0.0,0.0,0.0,0.0,0.0,0.0,0.0
00:00:00:02,61,0.01,0.03586,0.045,0.01675,0.07214,0.1991,0.10986,0.01,0.0357,0.07385,0.00716,0.07227,0.1998,0.10925,0.05496,0.010124,0.00831,0.03537,0.03198,0.0909,0.06464,0.00923,0.006847,0.0418,0.0507,0.05527,0.04776,0.0915,0.09375,0.1026,0.09607,0.0868,0.06616,0.1293,0.01,0.04593,0.0511,0.0804,0.0791,0.04086,0.04163,0.2341,0.2355,0.05392,0.00813,0.00818,0.0437,0.04916,0.04837,0.0767,0.07556,0.0,0.0,0.0,0.0,0.0,0.0,0.0,0.0,0.0,0.0
00:00:00:04,61,0.01,0.03217,0.04907,0.01472,0.0797,0.2031,0.1267,0.01,0.032,0.07275,0.01227,0.07996,0.2037,0.126,0.05612,0.009926,0.00818,0.03372,0.02971,0.0886,0.06174,0.00781,0.005962,0.03375,0.0421,0.05026,0.0428,0.10034,0.1021,0.10114,0.0949,0.09344,0.06696,0.1412,0.01,0.0502,0.0555,0.073,0.0723,0.03867,0.039,0.2291,0.2301,0.0529,0.01007,0.01002,0.04623,0.05057,0.04926,0.0741,0.07166,0.0,0.0,0.0,0.0,0.0,0.0,0.0,0.0,0.0,0.0
00:00:00:06,61,0.01,0.0337,0.04895,0.015114,0.07764,0.2024,0.12305,0.01,0.03354,0.07324,0.012146,0.0779,0.2031,0.1223,0.05585,0.009995,0.00805,0.03348,0.02956,0.0882,0.06158,0.00793,0.006046,0.03513,0.04358,0.04977,0.04236,0.09985,0.1017,0.1011,0.0949,0.0927,0.06604,0.1407,0.01,0.0501,0.05545,0.07336,0.07275,0.0393,0.03973,0.2285,0.2296,0.05344,0.01022,0.01018,0.0459,0.05118,0.05014,0.0752,0.0729,0.0,0.0,0.0,0.0,0.0,0.0,0.0,0.0,0.0,0.0
00:00:00:08,61,0.01,0.03427,0.0491,0.015114,0.0764,0.201,0.12177,0.01,0.03415,0.0733,0.01231,0.07666,0.2017,0.12103,0.05557,0.00996,0.008,0.0334,0.02965,0.08826,0.0619,0.00801,0.006016,0.0354,0.0438,0.04947,0.04214,0.09973,0.10156,0.1009,0.0947,0.0923,0.0658,0.1406,0.01,0.05,0.05533,0.07324,0.07275,0.0393,0.03973,0.2272,0.2281,0.0535,0.0104,0.01035,0.04587,0.05118,0.0502,0.0752,0.0729,0.0,0.0,0.0,0.0,0.0,0.0,0.0,0.0,0.0,0.0
00:00:00:10,61,0.01,0.0349,0.04916,0.0151,0.0748,0.1992,0.1203,0.01,0.0348,0.07336,0.01238,0.075,0.1998,0.11957,0.05518,0.009964,0.00794,0.03333,0.02979,0.0884,0.06216,0.00805,0.005974,0.03583,0.04416,0.04898,0.04172,0.09955,0.1013,0.10065,0.0945,0.09174,0.06537,0.1404,0.01,0.04987,0.05518,0.0733,0.0729,0.03937,0.0398,0.2252,0.2263,0.0535,0.01054,0.0105,0.04578,0.05124,0.05023,0.07513,0.0727,0.0,0.0,0.0,0.0,0.0,0.0,0.0,0.0,0.0,0.0
00:00:00:12,61,0.01,0.03558,0.04922,0.01509,0.0733,0.1975,0.1188,0.01,0.03543,0.0733,0.012375,0.0735,0.1981,0.11804,0.0548,0.009995,0.00789,0.0333,0.02988,0.08844,0.06244,0.0081,0.005955,0.03622,0.04453,0.04843,0.0412,0.09937,0.10114,0.10046,0.09424,0.0911,0.06494,0.1401,0.01,0.04977,0.05508,0.0734,0.073,0.0394,0.03983,0.2238,0.2249,0.05356,0.01059,0.01055,0.04565,0.0512,0.0502,0.0751,0.0726,0.0,0.0,0.0,0.0,0.0,0.0,0.0,0.0,0.0,0.0
00:00:00:14,61,0.01,0.03616,0.04922,0.015114,0.0721,0.1962,0.1174,0.01,0.036,0.0733,0.01229,0.07227,0.1968,0.11664,0.05447,0.010025,0.00786,0.03333,0.02994,0.0885,0.0627,0.00814,0.00596,0.03668,0.04495,0.04776,0.0406,0.0991,0.1009,0.1003,0.0941,0.0906,0.0645,0.1399,0.01,0.04968,0.055,0.0736,0.0732,0.0394,0.03983,0.2228,0.2238,0.05365,0.010574,0.01054,0.04553,0.0512,0.0502,0.075,0.0726,0.0,0.0,0.0,0.0,0.0,0.0,0.0,0.0,0.0,0.0
00:00:00:16,61,0.01,0.0368,0.04932,0.015144,0.07104,0.195,0.11597,0.01,0.03665,0.0732,0.01223,0.0713,0.1956,0.11523,0.05417,0.01004,0.00786,0.03336,0.02997,0.0886,0.0629,0.00819,0.00598,0.03717,0.0454,0.0469,0.03976,0.0989,0.10065,0.1002,0.09406,0.08997,0.06415,0.1394,0.01,0.0496,0.05484,0.074,0.07355,0.03946,0.03992,0.222,0.2231,0.0538,0.0105,0.01047,0.04535,0.0512,0.05023,0.07513,0.0727,0.0,0.0,0.0,0.0,0.0,0.0,0.0,0.0,0.0,0.0
00:00:00:18,61,0.01,0.03745,0.0495,0.015274,0.0705,0.1936,0.11444,0.01,0.0373,0.07294,0.01209,0.0707,0.1942,0.1138,0.05392,0.00993,0.00794,0.0334,0.03001,0.08887,0.06323,0.00832,0.00605,0.038,0.0461,0.0455,0.0384,0.0986,0.10034,0.10016,0.09406,0.089,0.06384,0.1383,0.01,0.0493,0.05453,0.0745,0.07404,0.0395,0.03995,0.2219,0.223,0.05408,0.01027,0.01024,0.045,0.05112,0.05014,0.07526,0.0729,0.0,0.0,0.0,0.0,0.0,0.0,0.0,0.0,0.0,0.0
00:00:00:20,61,0.01,0.0378,0.04965,0.01528,0.06976,0.1924,0.1133,0.01,0.03766,0.0725,0.01184,0.07,0.193,0.11255,0.05338,0.00994,0.00798,0.03348,0.02985,0.0888,0.0635,0.00819,0.006123,0.03918,0.04745,0.04306,0.036,0.0982,0.10004,0.0997,0.0937,0.08795,0.063,0.138,0.01,0.04935,0.05453,0.0753,0.07477,0.03943,0.03992,0.2222,0.2231,0.05405,0.00976,0.00973,0.0446,0.05063,0.0496,0.0751,0.07275,0.0,0.0,0.0,0.0,0.0,0.0,0.0,0.0,0.0,0.0
00:00:00:22,61,0.01,0.0383,0.04996,0.01534,0.06866,0.1907,0.1116,0.01,0.03815,0.07196,0.01163,0.06885,0.1912,0.1109,0.05264,0.009895,0.00804,0.0336,0.0297,0.08887,0.0639,0.007996,0.006256,0.04047,0.0489,0.04007,0.0331,0.09766,0.09955,0.099,0.0932,0.0865,0.06186,0.1376,0.01,0.04938,0.0545,0.0763,0.07574,0.03967,0.0402,0.223,0.2241,0.0542,0.00939,0.00937,0.0441,0.05008,0.04895,0.075,0.0728,0.0,0.0,0.0,0.0,0.0,0.0,0.0,0.0,0.0,0.0
00:00:00:24,61,0.01,0.0395,0.05066,0.01569,0.0664,0.1877,0.1082,0.01,0.0393,0.07153,0.01173,0.0666,0.1882,0.1075,0.05197,0.00971,0.0081,0.03372,0.0294,0.08923,0.06433,0.00791,0.00641,0.0418,0.05038,0.03568,0.02888,0.0972,0.0993,0.0984,0.0927,0.08466,0.06067,0.1364,0.01,0.0493,0.05435,0.07745,0.0766,0.04013,0.0407,0.2242,0.2253,0.05466,0.00925,0.00923,0.0434,0.04956,0.04855,0.07544,0.07336,0.0,0.0,0.0,0.0,0.0,0.0,0.0,0.0,0.0,0.0
00:00:00:26,61,0.01,0.03964,0.05054,0.01572,0.0633,0.1855,0.106,0.01,0.03946,0.0712,0.01139,0.0635,0.186,0.10535,0.0514,0.010056,0.00808,0.03418,0.02902,0.0893,0.06415,0.007217,0.006542,0.0439,0.05334,0.03247,0.02577,0.0975,0.09985,0.0975,0.0919,0.0843,0.05978,0.1372,0.01,0.04993,0.05505,0.07855,0.0778,0.04062,0.0414,0.2283,0.2294,0.0534,0.00844,0.00841,0.04294,0.0489,0.04785,0.07556,0.0736,0.0,0.0,0.0,0.0,0.0,0.0,0.0,0.0,0.0,0.0
00:00:00:28,61,0.01,0.04077,0.0506,0.01602,0.06116,0.1832,0.10254,0.01,0.04062,0.0707,0.0106,0.0613,0.1838,0.10187,0.0512,0.00979,0.00824,0.03442,0.02927,0.0895,0.064,0.007683,0.006706,0.0453,0.05447,0.02776,0.02127,0.09766,0.10004,0.09735,0.09186,0.0831,0.05994,0.1353,0.01,0.0497,0.05472,0.07947,0.0784,0.04056,0.04144,0.2268,0.2279,0.05457,0.008286,0.00827,0.04227,0.0491,0.0482,0.0761,0.0744,0.0,0.0,0.0,0.0,0.0,0.0,0.0,0.0,0.0,0.0
00:00:00:30,61,0.01,0.04205,0.0512,0.01685,0.05786,0.1804,0.09827,0.01,0.04187,0.07166,0.01165,0.05804,0.181,0.0976,0.05048,0.00956,0.00862,0.03458,0.0288,0.0914,0.0628,0.00785,0.00697,0.04984,0.0587,0.0255,0.01923,0.0982,0.1005,0.0969,0.09174,0.081,0.05875,0.1328,0.01,0.0485,0.0536,0.0823,0.0811,0.04178,0.04282,0.2289,0.23,0.05292,0.007812,0.007805,0.0415,0.0497,0.0492,0.07825,0.0766,0.0,0.0,0.0,0.0,0.0,0.0,0.0,0.0,0.0,0.0
00:00:00:32,61,0.01,0.04282,0.0539,0.01637,0.05392,0.1796,0.09485,0.01,0.04263,0.0704,0.01359,0.0541,0.18,0.0942,0.04932,0.009155,0.008896,0.03403,0.0284,0.09186,0.06216,0.008095,0.00676,0.0549,0.06274,0.02399,0.01807,0.0986,0.1006,0.0959,0.0909,0.07965,0.0574,0.1328,0.01,0.04807,0.0531,0.0826,0.0814,0.04153,0.0424,0.229,0.2301,0.05276,0.007904,0.007904,0.0414,0.04993,0.0493,0.0793,0.0775,0.0,0.0,0.0,0.0,0.0,0.0,0.0,0.0,0.0,0.0
00:00:00:34,61,0.01,0.04254,0.0571,0.01645,0.04892,0.1793,0.0935,0.01,0.04236,0.06946,0.01598,0.0491,0.1799,0.0929,0.0479,0.0094,0.00905,0.03467,0.02939,0.09314,0.0633,0.00882,0.00624,0.06088,0.06824,0.02263,0.01686,0.0952,0.09674,0.09644,0.0915,0.076,0.0567,0.1272,0.01,0.04602,0.05078,0.086,0.0848,0.04144,0.04205,0.2266,0.2277,0.05322,0.0079,0.00791,0.0404,0.0509,0.0497,0.0802,0.0782,0.0,0.0,0.0,0.0,0.0,0.0,0.0,0.0,0.0,0.0
00:00:00:36,61,0.01,0.04224,0.05563,0.0177,0.05124,0.1875,0.0967,0.01,0.04208,0.0714,0.01537,0.05142,0.1881,0.0961,0.04715,0.00958,0.00913,0.03903,0.03326,0.099,0.0664,0.00926,0.00634,0.0688,0.0755,0.01964,0.01419,0.0889,0.09,0.09924,0.09424,0.0713,0.05664,0.1188,0.01,0.04376,0.04837,0.09485,0.0927,0.04105,0.0416,0.2216,0.2228,0.0569,0.0077,0.007736,0.03848,0.062,0.06088,0.0867,0.0848,0.0,0.0,0.0,0.0,0.0,0.0,0.0,0.0,0.0,0.0
00:00:00:38,61,0.01,0.0402,0.05054,0.01854,0.05078,0.1935,0.10175,0.01,0.04004,0.0728,0.01038,0.05093,0.1943,0.1015,0.0441,0.01202,0.00802,0.0438,0.03757,0.09937,0.07007,0.007355,0.006565,0.0728,0.0791,0.0168,0.01146,0.08386,0.0841,0.0998,0.0945,0.0702,0.0526,0.121,0.01,0.0454,0.04926,0.10126,0.09955,0.04236,0.04196,0.2035,0.2045,0.0647,0.00806,0.00811,0.0372,0.0718,0.06915,0.08923,0.08685,0.0,0.0,0.0,0.0,0.0,0.0,0.0,0.0,0.0,0.0
00:00:00:40,61,0.01,0.03662,0.05038,0.01768,0.05582,0.2007,0.1055,0.01,0.03647,0.07227,0.01097,0.05597,0.2015,0.1053,0.04416,0.01241,0.00852,0.04645,0.03827,0.10394,0.07043,0.006382,0.007076,0.0732,0.0805,0.01499,0.009674,0.0824,0.0829,0.0996,0.0947,0.07007,0.05154,0.1221,0.01,0.04605,0.05002,0.1061,0.10443,0.04297,0.04306,0.208,0.209,0.0618,0.006725,0.00677,0.0369,0.0752,0.07306,0.09143,0.08936,0.0,0.0,0.0,0.0,0.0,0.0,0.0,0.0,0.0,0.0
00:00:00:42,61,0.01,0.03952,0.053,0.01897,0.0578,0.2007,0.10284,0.01,0.0394,0.0715,0.01149,0.05792,0.2014,0.1026,0.04626,0.01073,0.009514,0.0439,0.03864,0.1046,0.07294,0.009315,0.007126,0.0696,0.075,0.01804,0.0124,0.08405,0.0843,0.1031,0.09766,0.0697,0.05463,0.11426,0.01,0.0428,0.0466,0.10254,0.10016,0.04282,0.04294,0.2085,0.2096,0.0649,0.00784,0.00795,0.03745,0.07166,0.0706,0.0908,0.08936,0.0,0.0,0.0,0.0,0.0,0.0,0.0,0.0,0.0,0.0
00:00:00:44,61,0.01,0.03885,0.0549,0.0158,0.05325,0.1963,0.1042,0.01,0.03873,0.068,0.0129,0.05344,0.1968,0.1038,0.04352,0.01134,0.00949,0.04782,0.04172,0.1052,0.07605,0.007618,0.007027,0.07184,0.0783,0.014175,0.00896,0.0764,0.0768,0.10046,0.09595,0.0642,0.05087,0.11426,0.01,0.04333,0.04697,0.1091,0.1072,0.0421,0.04218,0.2024,0.2035,0.0646,0.00878,0.00888,0.03598,0.07294,0.07135,0.0902,0.08844,0.0,0.0,0.0,0.0,0.0,0.0,0.0,0.0,0.0,0.0
00:00:00:46,61,0.01,0.04276,0.05673,0.01349,0.05026,0.1896,0.10565,0.01,0.04272,0.0653,0.01397,0.0504,0.1898,0.1053,0.04385,0.01212,0.010414,0.0632,0.05008,0.1162,0.0809,0.00717,0.007736,0.08276,0.0894,0.01038,0.006172,0.05762,0.05768,0.10645,0.1017,0.0513,0.05173,0.0925,0.01,0.03815,0.0411,0.1403,0.1377,0.04547,0.04514,0.1768,0.178,0.0731,0.01128,0.01141,0.03035,0.0817,0.0803,0.0936,0.09216,0.0,0.0,0.0,0.0,0.0,0.0,0.0,0.0,0.0,0.0
00:00:00:48,61,0.01,0.0509,0.06134,0.01114,0.04886,0.1842,0.1037,0.01,0.05087,0.06027,0.015305,0.049,0.1844,0.10333,0.0497,0.014305,0.01212,0.09247,0.06586,0.1355,0.0901,0.006424,0.00974,0.09875,0.1029,0.007607,0.004112,0.04425,0.04373,0.11505,0.11,0.0459,0.05884,0.0742,0.01,0.03467,0.03717,0.184,0.1805,0.05536,0.05353,0.16,0.1613,0.0868,0.01498,0.01514,0.02577,0.0941,0.09247,0.1003,0.09894,0.0,0.0,0.0,0.0,0.0,0.0,0.0,0.0,0.0,0.0
00:00:00:50,61,0.01,0.0463,0.06015,0.00989,0.04755,0.181,0.1026,0.01,0.04633,0.0603,0.01505,0.04773,0.1813,0.10223,0.0657,0.0145,0.01413,0.1346,0.07513,0.1538,0.08716,0.006798,0.008606,0.09894,0.103,0.00593,0.003597,0.0433,0.0431,0.1237,0.1178,0.0437,0.06226,0.0659,0.01,0.0345,0.0368,0.2507,0.2482,0.06744,0.0655,0.1555,0.157,0.0969,0.01324,0.0134,0.02277,0.10034,0.09955,0.0996,0.0988,0.0,0.0,0.0,0.0,0.0,0.0,0.0,0.0,0.0,0.0
00:00:00:52,61,0.01,0.04422,0.06445,0.00869,0.0569,0.1759,0.11084,0.01,0.04422,0.05637,0.01701,0.05713,0.1759,0.1104,0.07336,0.01293,0.01645,0.1691,0.0789,0.1637,0.0877,0.007706,0.008026,0.0819,0.086,0.0069,0.004715,0.04138,0.0412,0.1322,0.127,0.03992,0.0663,0.05588,0.01,0.03198,0.0341,0.2715,0.2688,0.0645,0.06287,0.1583,0.1597,0.09644,0.01373,0.013916,0.02113,0.0901,0.0898,0.09454,0.0935,0.0,0.0,0.0,0.0,0.0,0.0,0.0,0.0,0.0,0.0
00:00:00:54,61,0.01,0.0394,0.0609,0.00932,0.07043,0.1718,0.11145,0.01,0.03946,0.058,0.01499,0.0706,0.171,0.111,0.06995,0.01364,0.01476,0.178,0.08124,0.1678,0.08417,0.005272,0.00868,0.0674,0.0729,0.01398,0.011795,0.04178,0.04315,0.1299,0.1263,0.03735,0.068,0.0518,0.01,0.03137,0.0333,0.2615,0.2583,0.0581,0.05728,0.1567,0.1581,0.0994,0.012665,0.0129,0.0209,0.0848,0.0851,0.08405,0.08344,0.0,0.0,0.0,0.0,0.0,0.0,0.0,0.0,0.0,0.0
00:00:00:56,61,0.01,0.03513,0.05328,0.01279,0.0713,0.1827,0.11755,0.01,0.03522,0.0667,0.01271,0.0714,0.1825,0.11725,0.06073,0.01648,0.01131,0.1589,0.0815,0.1609,0.0804,0.004642,0.009315,0.0651,0.0715,0.01283,0.01024,0.04483,0.04602,0.1217,0.1183,0.03833,0.06586,0.05292,0.01,0.0324,0.03445,0.2426,0.24,0.05862,0.05887,0.1434,0.1447,0.101,0.01365,0.01376,0.0203,0.09906,0.0993,0.0869,0.0867,0.0,0.0,0.0,0.0,0.0,0.0,0.0,0.0,0.0,0.0
00:00:00:58,61,0.01,0.03308,0.04962,0.01157,0.06476,0.1978,0.1101,0.01,0.03317,0.0687,0.01116,0.0649,0.198,0.1098,0.05634,0.01979,0.00919,0.1445,0.0825,0.156,0.0808,0.00523,0.009384,0.0692,0.0749,0.01357,0.01065,0.04773,0.04797,0.11816,0.1141,0.0422,0.0629,0.0586,0.01,0.03442,0.03644,0.2313,0.2299,0.06204,0.06204,0.1348,0.136,0.10297,0.01407,0.01414,0.02118,0.11395,0.1137,0.0929,0.0924,0.0,0.0,0.0,0.0,0.0,0.0,0.0,0.0,0.0,0.0
00:00:01:00,61,0.01,0.03497,0.0461,0.01164,0.06036,0.2041,0.1027,0.01,0.03503,0.0713,0.00943,0.06046,0.2045,0.1024,0.05432,0.02133,0.00808,0.1382,0.0862,0.1548,0.08124,0.00653,0.00942,0.0703,0.0767,0.01357,0.01059,0.0477,0.04782,0.1179,0.1133,0.04553,0.0625,0.064,0.01,0.037,0.0391,0.2234,0.2227,0.06223,0.06256,0.1213,0.12256,0.10675,0.01417,0.014206,0.02313,0.1278,0.128,0.0998,0.0999,0.0,0.0,0.0,0.0,0.0,0.0,0.0,0.0,0.0,0.0
00:00:01:02,61,0.01,0.0338,0.04254,0.010826,0.06232,0.211,0.097,0.01,0.03387,0.07294,0.00792,0.0624,0.2113,0.09674,0.0547,0.02225,0.007442,0.1368,0.0871,0.157,0.0801,0.00582,0.00944,0.0671,0.07355,0.01627,0.01348,0.04694,0.04712,0.11755,0.1129,0.04688,0.062,0.0662,0.01,0.03842,0.04068,0.2253,0.2255,0.065,0.06506,0.1155,0.11676,0.1069,0.01282,0.01288,0.02419,0.1362,0.1367,0.1031,0.10284,0.0,0.0,0.0,0.0,0.0,0.0,0.0,0.0,0.0,0.0
00:00:01:04,61,0.01,0.0351,0.04343,0.01084,0.06018,0.2032,0.091,0.01,0.0352,0.0717,0.00768,0.06027,0.2034,0.0907,0.0559,0.02226,0.007656,0.1439,0.0875,0.1613,0.08026,0.005135,0.00936,0.0646,0.0706,0.01685,0.014404,0.04532,0.0457,0.1171,0.113,0.046,0.06128,0.0658,0.01,0.03842,0.04068,0.2312,0.2316,0.0662,0.0661,0.1134,0.1146,0.11115,0.01645,0.01651,0.02356,0.1348,0.1351,0.1027,0.10223,0.0,0.0,0.0,0.0,0.0,0.0,0.0,0.0,0.0,0.0
00:00:01:06,61,0.01,0.03867,0.04532,0.01019,0.0556,0.1923,0.08826,0.01,0.03876,0.0693,0.007767,0.05566,0.1923,0.08795,0.05838,0.02197,0.00861,0.1525,0.08575,0.1652,0.07996,0.00467,0.00877,0.06247,0.0674,0.01563,0.01367,0.0436,0.04388,0.11755,0.114,0.04376,0.06104,0.0635,0.01,0.03738,0.0396,0.2432,0.244,0.06866,0.06805,0.1149,0.116,0.11676,0.02461,0.02469,0.02226,0.1289,0.1287,0.1008,0.0995,0.0,0.0,0.0,0.0,0.0,0.0,0.0,0.0,0.0,0.0
00:00:01:08,61,0.01,0.0441,0.04752,0.00972,0.04935,0.1776,0.08386,0.01,0.04416,0.06714,0.00834,0.04944,0.1775,0.0836,0.0661,0.02121,0.01042,0.1749,0.08496,0.1729,0.08075,0.004997,0.0081,0.05972,0.0631,0.01646,0.01486,0.04184,0.042,0.1224,0.11847,0.04044,0.06027,0.05945,0.01,0.03543,0.03766,0.271,0.2715,0.0731,0.07166,0.1184,0.1195,0.12067,0.03232,0.03247,0.0199,0.11725,0.1167,0.0967,0.09467,0.0,0.0,0.0,0.0,0.0,0.0,0.0,0.0,0.0,0.0
00:00:01:10,61,0.01,0.0489,0.0485,0.00999,0.04407,0.1655,0.0821,0.01,0.04892,0.0666,0.00869,0.04422,0.1653,0.0818,0.07733,0.01964,0.01338,0.2017,0.0833,0.1826,0.083,0.005558,0.007683,0.05527,0.0577,0.02148,0.01991,0.0401,0.04028,0.1327,0.1276,0.03787,0.05865,0.05493,0.01,0.03342,0.0358,0.3047,0.304,0.07635,0.0743,0.12164,0.1228,0.12195,0.03848,0.03864,0.0186,0.1025,0.10254,0.091,0.0891,0.0,0.0,0.0,0.0,0.0,0.0,0.0,0.0,0.0,0.0
00:00:01:12,61,0.01,0.05136,0.0524,0.01008,0.0461,0.1562,0.0856,0.01,0.05136,0.06396,0.01022,0.0463,0.1558,0.08527,0.08374,0.01836,0.015526,0.2244,0.0823,0.1973,0.0888,0.00607,0.007603,0.04562,0.04602,0.02943,0.02812,0.03864,0.03885,0.14,0.1345,0.0355,0.05734,0.05173,0.01,0.03226,0.0345,0.3208,0.3188,0.0779,0.07513,0.1259,0.1268,0.12177,0.0417,0.04184,0.01865,0.08856,0.0885,0.08514,0.08325,0.0,0.0,0.0,0.0,0.0,0.0,0.0,0.0,0.0,0.0
00:00:01:14,61,0.01,0.0537,0.05176,0.01359,0.048,0.1492,0.0926,0.01,0.05368,0.06775,0.01017,0.04816,0.1486,0.09235,0.08026,0.01843,0.01489,0.231,0.08154,0.208,0.0928,0.006645,0.007477,0.038,0.0365,0.03815,0.03683,0.03848,0.0388,0.1399,0.1351,0.03326,0.05356,0.0501,0.01,0.03116,0.03323,0.311,0.3086,0.07556,0.0728,0.1205,0.1211,0.1351,0.0548,0.05487,0.01826,0.08417,0.0831,0.0804,0.0784,0.0,0.0,0.0,0.0,0.0,0.0,0.0,0.0,0.0,0.0
00:00:01:16,61,0.01,0.05692,0.05313,0.01723,0.05615,0.146,0.1011,0.01,0.05692,0.0706,0.011055,0.05627,0.1455,0.101,0.07513,0.01997,0.01379,0.2325,0.08685,0.2278,0.10284,0.006645,0.00743,0.02483,0.02289,0.04886,0.04752,0.03812,0.03876,0.1393,0.1354,0.03156,0.04987,0.0501,0.01,0.03035,0.03223,0.29,0.2874,0.07495,0.0729,0.1138,0.1141,0.146,0.0642,0.0642,0.01854,0.0842,0.08215,0.07794,0.0768,0.0,0.0,0.0,0.0,0.0,0.0,0.0,0.0,0.0,0.0
00:00:01:18,61,0.01,0.0606,0.04773,0.02135,0.0539,0.1505,0.1109,0.01,0.0606,0.07556,0.0057,0.054,0.1504,0.111,0.0683,0.02238,0.010574,0.2151,0.0947,0.2344,0.12335,0.00728,0.006363,0.01851,0.01569,0.05872,0.05606,0.03827,0.0383,0.1357,0.1315,0.03473,0.04813,0.0538,0.01,0.03256,0.03372,0.2634,0.2612,0.07404,0.0719,0.0981,0.0984,0.1746,0.084,0.08386,0.02296,0.0919,0.0882,0.07513,0.0749,0.0,0.0,0.0,0.0,0.0,0.0,0.0,0.0,0.0,0.0
00:00:01:20,61,0.01,0.0532,0.04672,0.02626,0.06946,0.1698,0.1375,0.01,0.05316,0.0804,0.004158,0.06964,0.1694,0.1377,0.05777,0.01993,0.011055,0.1995,0.1171,0.2573,0.179,0.00803,0.00815,0.01089,0.00823,0.0824,0.07574,0.02968,0.02975,0.1307,0.1278,0.03812,0.05475,0.0574,0.01,0.02974,0.03168,0.2252,0.2246,0.0652,0.0638,0.0788,0.07916,0.1826,0.0952,0.095,0.03622,0.0871,0.08276,0.07434,0.07324,0.0,0.0,0.0,0.0,0.0,0.0,0.0,0.0,0.0,0.0
00:00:01:22,61,0.01,0.05286,0.04123,0.03032,0.0795,0.1858,0.1587,0.01,0.0527,0.08966,0.003706,0.07983,0.1855,0.1587,0.05133,0.01507,0.01107,0.1865,0.1418,0.2808,0.2598,0.00932,0.00862,0.00906,0.0068,0.10504,0.0955,0.02664,0.02663,0.1301,0.125,0.04538,0.06183,0.072,0.01,0.02974,0.03223,0.1779,0.1788,0.0472,0.04547,0.06287,0.0641,0.2073,0.10846,0.1081,0.05072,0.0746,0.0696,0.069,0.0661,0.0,0.0,0.0,0.0,0.0,0.0,0.0,0.0,0.0,0.0
00:00:01:24,61,0.01,0.06018,0.0402,0.03616,0.0682,0.1858,0.1469,0.01,0.05988,0.09845,0.006245,0.0685,0.186,0.1467,0.046,0.0164,0.01156,0.1836,0.1692,0.317,0.353,0.01304,0.01,0.01103,0.01032,0.1184,0.10693,0.0297,0.02928,0.1287,0.12274,0.04977,0.06525,0.08264,0.01,0.0289,0.03195,0.1488,0.1488,0.04395,0.04135,0.07446,0.0758,0.1952,0.1133,0.1128,0.056,0.0652,0.05923,0.07715,0.0729,0.0,0.0,0.0,0.0,0.0,0.0,0.0,0.0,0.0,0.0
00:00:01:26,61,0.01,0.0634,0.04578,0.03876,0.0554,0.1803,0.1233,0.01,0.0632,0.1012,0.01248,0.05566,0.1803,0.1231,0.04248,0.015236,0.00999,0.1882,0.1917,0.3054,0.519,0.01499,0.010895,0.01363,0.01441,0.11365,0.1049,0.03528,0.03403,0.125,0.1182,0.05215,0.0703,0.0984,0.01,0.03177,0.0348,0.1304,0.1294,0.0354,0.03302,0.08,0.0803,0.1777,0.10565,0.10504,0.06854,0.0637,0.05862,0.07947,0.07446,0.0,0.0,0.0,0.0,0.0,0.0,0.0,0.0,0.0,0.0
00:00:01:28,61,0.01,0.068,0.05106,0.0337,0.0429,0.1656,0.1043,0.01,0.06775,0.0947,0.01624,0.04306,0.1656,0.1039,0.04492,0.014534,0.00887,0.2117,0.2234,0.2712,0.601,0.0143,0.01042,0.00106,0.004475,0.1052,0.1003,0.04184,0.0416,0.1204,0.1155,0.0556,0.07837,0.1039,0.01,0.03378,0.03616,0.11127,0.1073,0.03058,0.02882,0.0864,0.08624,0.1783,0.1062,0.1055,0.0666,0.0666,0.06165,0.0821,0.0772,0.0,0.0,0.0,0.0,0.0,0.0,0.0,0.0,0.0,0.0
00:00:01:30,61,0.01,0.06494,0.04462,0.04456,0.03183,0.1777,0.0909,0.01,0.06464,0.1137,0.01756,0.0319,0.1788,0.0905,0.0529,0.01504,0.007473,0.2664,0.2825,0.2678,0.6357,0.01235,0.012314,0.002657,0.003464,0.1217,0.1169,0.05176,0.04987,0.1295,0.1216,0.0646,0.08673,0.10675,0.01,0.03574,0.0389,0.11505,0.1102,0.02216,0.02043,0.07043,0.0703,0.1985,0.11523,0.1144,0.067,0.0887,0.0844,0.0841,0.07733,0.0,0.0,0.0,0.0,0.0,0.0,0.0,0.0,0.0,0.0
00:00:01:32,61,0.01,0.05475,0.04514,0.03345,0.0289,0.1884,0.08673,0.01,0.0545,0.10547,0.02101,0.02898,0.1896,0.0861,0.0598,0.01694,0.006954,0.3013,0.306,0.283,0.537,0.00658,0.01183,0.015045,0.02045,0.1243,0.11774,0.06464,0.06256,0.1436,0.1355,0.0731,0.09247,0.109,0.01,0.03857,0.04205,0.1329,0.1318,0.009735,0.01136,0.0462,0.0471,0.2341,0.1398,0.1389,0.05594,0.11127,0.1097,0.0848,0.0801,0.0,0.0,0.0,0.0,0.0,0.0,0.0,0.0,0.0,0.0
00:00:01:34,61,0.01,0.0455,0.04193,0.03458,0.03476,0.2009,0.09845,0.01,0.04526,0.1101,0.02098,0.0348,0.2019,0.09784,0.0655,0.01767,0.00565,0.2812,0.2788,0.2365,0.3857,0.0085,0.00757,0.02408,0.0326,0.10754,0.1006,0.05765,0.05533,0.1489,0.1406,0.07,0.10034,0.0816,0.01,0.03152,0.0342,0.1538,0.156,0.006565,0.00977,0.02055,0.02225,0.3005,0.1768,0.1755,0.05106,0.1138,0.1157,0.08246,0.0808,0.0,0.0,0.0,0.0,0.0,0.0,0.0,0.0,0.0,0.0
00:00:01:36,61,0.01,0.0467,0.03738,0.0371,0.04022,0.1971,0.103,0.01,0.04645,0.11084,0.01451,0.04022,0.1978,0.103,0.0649,0.01703,0.004375,0.2263,0.2208,0.2,0.2551,0.01048,0.00449,0.03476,0.03867,0.0693,0.0651,0.0582,0.0551,0.1483,0.1383,0.0651,0.0847,0.0724,0.01,0.03223,0.03384,0.1666,0.1688,0.0106,0.01213,0.02274,0.02422,0.3328,0.1815,0.1802,0.0438,0.11084,0.1145,0.07874,0.0772,0.0,0.0,0.0,0.0,0.0,0.0,0.0,0.0,0.0,0.0
00:00:01:38,61,0.01,0.0584,0.02823,0.0429,0.0502,0.1895,0.1332,0.01,0.0581,0.1151,0.004246,0.0503,0.1896,0.1337,0.05774,0.01892,0.007336,0.1416,0.10077,0.2069,0.1614,0.00658,0.004715,0.03397,0.0446,0.03995,0.03528,0.05087,0.0507,0.141,0.133,0.04407,0.06366,0.0668,0.01,0.02998,0.03253,0.2,0.2029,0.03867,0.04065,0.03528,0.0368,0.311,0.1927,0.1918,0.03644,0.0975,0.10034,0.07324,0.0716,0.0,0.0,0.0,0.0,0.0,0.0,0.0,0.0,0.0,0.0
00:00:01:40,61,0.01,0.0538,0.03568,0.04605,0.06085,0.1886,0.1599,0.01,0.05344,0.11365,0.00806,0.06104,0.1888,0.1603,0.05634,0.0158,0.00847,0.12494,0.0852,0.2238,0.1553,0.00707,0.0063,0.04367,0.04907,0.0431,0.03873,0.05032,0.05045,0.1362,0.1301,0.04245,0.05676,0.063,0.01,0.02682,0.03056,0.1992,0.2014,0.0477,0.04895,0.04468,0.04608,0.3013,0.1904,0.1896,0.03442,0.08777,0.08826,0.07166,0.06995,0.0,0.0,0.0,0.0,0.0,0.0,0.0,0.0,0.0,0.0
00:00:01:42,61,0.01,0.0547,0.0461,0.05298,0.05988,0.1826,0.1628,0.01,0.0543,0.11884,0.01802,0.0601,0.183,0.163,0.04993,0.0122,0.009,0.116,0.09985,0.2449,0.2122,0.01105,0.005253,0.04288,0.0447,0.055,0.04785,0.04596,0.0445,0.1324,0.1261,0.0465,0.0641,0.07135,0.01,0.02469,0.02777,0.1526,0.1527,0.02863,0.02931,0.05026,0.05142,0.289,0.1855,0.1846,0.04504,0.064,0.0631,0.0673,0.06433,0.0,0.0,0.0,0.0,0.0,0.0,0.0,0.0,0.0,0.0
00:00:01:44,61,0.01,0.05563,0.05356,0.05518,0.05792,0.1946,0.1553,0.01,0.0553,0.12115,0.02557,0.05814,0.1956,0.1555,0.0488,0.01411,0.00798,0.1106,0.09393,0.2122,0.3682,0.01278,0.004406,0.05292,0.05847,0.05234,0.0465,0.054,0.0513,0.1318,0.1238,0.04608,0.06854,0.0811,0.01,0.02397,0.02698,0.1423,0.1414,0.02632,0.02661,0.04413,0.04428,0.28,0.1841,0.1831,0.0563,0.0678,0.0642,0.0772,0.0724,0.0,0.0,0.0,0.0,0.0,0.0,0.0,0.0,0.0,0.0
00:00:01:46,61,0.01,0.06238,0.04916,0.0574,0.03943,0.1897,0.133,0.01,0.06195,0.1261,0.02338,0.03952,0.1904,0.1335,0.05017,0.01381,0.006306,0.1276,0.1227,0.2241,0.4695,0.01214,0.005665,0.06244,0.06696,0.04724,0.04364,0.06433,0.06137,0.131,0.1228,0.04642,0.0654,0.0947,0.01,0.02962,0.0326,0.1421,0.1422,0.01703,0.01775,0.02892,0.0287,0.2786,0.1868,0.1857,0.05966,0.0871,0.08276,0.0876,0.0814,0.0,0.0,0.0,0.0,0.0,0.0,0.0,0.0,0.0,0.0
00:00:01:48,61,0.01,0.07385,0.0433,0.07385,0.02092,0.1799,0.1284,0.01,0.07336,0.1454,0.02278,0.02092,0.181,0.129,0.0495,0.01523,0.007233,0.1072,0.0831,0.3125,0.4226,0.008835,0.004543,0.03723,0.04105,0.04532,0.04153,0.05786,0.05618,0.1365,0.1282,0.0406,0.04984,0.1163,0.01,0.03625,0.03903,0.1526,0.155,0.02147,0.0214,0.0481,0.04843,0.2827,0.1875,0.1864,0.05746,0.0916,0.0878,0.0943,0.088,0.0,0.0,0.0,0.0,0.0,0.0,0.0,0.0,0.0,0.0
00:00:01:50,61,0.01,0.0839,0.04062,0.0876,0.0073,0.1704,0.1116,0.01,0.08344,0.1578,0.02068,0.007202,0.1727,0.1124,0.0504,0.01717,0.00818,0.10406,0.0722,0.3926,0.261,0.00794,0.004887,0.0332,0.03217,0.03964,0.03586,0.0523,0.05005,0.142,0.1326,0.04037,0.0394,0.1148,0.01,0.03937,0.042,0.1827,0.1844,0.0366,0.03528,0.07275,0.0737,0.257,0.1692,0.1682,0.03882,0.09015,0.08856,0.0968,0.09235,0.0,0.0,0.0,0.0,0.0,0.0,0.0,0.0,0.0,0.0
00:00:01:52,61,0.01,0.0801,0.04797,0.08514,0.0135,0.1781,0.10114,0.01,0.0797,0.1517,0.02364,0.01338,0.1809,0.1022,0.05417,0.02423,0.005043,0.1137,0.0656,0.3892,0.2047,0.008125,0.003878,0.03848,0.03888,0.0369,0.03574,0.05518,0.05286,0.1384,0.1299,0.03595,0.03668,0.10077,0.01,0.03824,0.0408,0.2053,0.2083,0.06107,0.0624,0.0845,0.0854,0.2421,0.1512,0.1505,0.02681,0.0979,0.0984,0.10223,0.09985,0.0,0.0,0.0,0.0,0.0,0.0,0.0,0.0,0.0,0.0
00:00:01:54,61,0.01,0.0756,0.05206,0.08734,0.02763,0.1976,0.1113,0.01,0.0754,0.154,0.02756,0.02754,0.2006,0.11237,0.05472,0.0245,0.00427,0.11163,0.07025,0.3323,0.1836,0.01309,0.0008764,0.0465,0.05014,0.03845,0.0369,0.05692,0.05444,0.1378,0.1299,0.03693,0.04675,0.0844,0.01,0.03314,0.03595,0.2001,0.2029,0.04993,0.05206,0.0684,0.0694,0.2585,0.1677,0.1671,0.0293,0.0941,0.0968,0.0985,0.09863,0.0,0.0,0.0,0.0,0.0,0.0,0.0,0.0,0.0,0.0
00:00:01:56,61,0.01,0.06635,0.05194,0.09174,0.04544,0.2124,0.1384,0.01,0.06604,0.162,0.03088,0.04547,0.2158,0.1395,0.05283,0.01958,0.004475,0.1037,0.0762,0.2406,0.184,0.01797,0.0,0.0782,0.0822,0.03586,0.03226,0.0607,0.05624,0.1348,0.1252,0.04166,0.06445,0.07245,0.01,0.02635,0.02966,0.1794,0.1797,0.02664,0.02791,0.02493,0.02596,0.3074,0.2115,0.2108,0.0365,0.08356,0.0866,0.08453,0.08417,0.0,0.0,0.0,0.0,0.0,0.0,0.0,0.0,0.0,0.0
00:00:01:58,61,0.01,0.04926,0.05826,0.0844,0.067,0.2424,0.1667,0.01,0.04895,0.1566,0.0377,0.06714,0.2451,0.168,0.05524,0.01794,0.00488,0.12024,0.11475,0.177,0.2482,0.01433,0.0,0.0887,0.09015,0.04108,0.03772,0.06805,0.06207,0.1337,0.1231,0.05276,0.0792,0.072,0.01,0.02435,0.0277,0.1692,0.169,0.02136,0.02127,0.01314,0.013664,0.3335,0.2222,0.2213,0.0463,0.0887,0.08936,0.0765,0.0723,0.0,0.0,0.0,0.0,0.0,0.0,0.0,0.0,0.0,0.0
00:00:02:00,61,0.01,0.04593,0.05402,0.07263,0.0695,0.2537,0.1617,0.01,0.04565,0.1443,0.0322,0.06964,0.2559,0.1628,0.05768,0.01596,0.003704,0.1342,0.133,0.1761,0.2783,0.01517,0.0006814,0.0848,0.08655,0.03564,0.03186,0.0699,0.0642,0.1338,0.12366,0.05582,0.0818,0.07,0.01,0.02702,0.02994,0.1615,0.1616,0.01533,0.015114,0.011345,0.01178,0.3235,0.215,0.2141,0.04904,0.09863,0.09863,0.08453,0.0796,0.0,0.0,0.0,0.0,0.0,0.0,0.0,0.0,0.0,0.0
00:00:02:02,61,0.01,0.04974,0.04044,0.07446,0.06506,0.254,0.1501,0.01,0.0494,0.1489,0.0215,0.06506,0.2566,0.1515,0.05743,0.01657,0.003983,0.1334,0.12085,0.2018,0.2627,0.01288,9.894e-05,0.0892,0.09186,0.02959,0.02568,0.071,0.0661,0.1361,0.127,0.0505,0.0745,0.0704,0.01,0.02708,0.03027,0.1675,0.168,0.009056,0.01068,0.01163,0.012146,0.3271,0.223,0.222,0.04382,0.10315,0.10394,0.08984,0.0854,0.0,0.0,0.0,0.0,0.0,0.0,0.0,0.0,0.0,0.0
00:00:02:04,61,0.01,0.0523,0.03275,0.06384,0.05988,0.2373,0.15,0.01,0.05197,0.1422,0.01764,0.05994,0.2394,0.151,0.05872,0.01886,0.006622,0.11755,0.0821,0.2372,0.1431,0.01027,0.0,0.0863,0.0917,0.01987,0.01692,0.0636,0.06003,0.1403,0.1313,0.04428,0.0685,0.0635,0.01,0.02649,0.02946,0.2031,0.206,0.01756,0.01964,0.014114,0.01491,0.3442,0.2239,0.2227,0.0335,0.1001,0.1032,0.08575,0.08167,0.0,0.0,0.0,0.0,0.0,0.0,0.0,0.0,0.0,0.0
00:00:02:06,61,0.01,0.05722,0.03354,0.04813,0.05627,0.2183,0.1263,0.01,0.057,0.1231,0.0133,0.05634,0.2198,0.1271,0.05875,0.0217,0.007812,0.11725,0.0636,0.21,0.0881,0.006653,0.001666,0.09106,0.09753,0.01073,0.01032,0.06226,0.05966,0.1332,0.1255,0.04077,0.05933,0.0617,0.01,0.02846,0.0308,0.2466,0.252,0.04453,0.04605,0.02692,0.0273,0.3328,0.1923,0.1912,0.0244,0.1137,0.1158,0.09155,0.08844,0.0,0.0,0.0,0.0,0.0,0.0,0.0,0.0,0.0,0.0
00:00:02:08,61,0.01,0.05438,0.03108,0.03638,0.04703,0.2019,0.10565,0.01,0.0542,0.1111,0.008965,0.0471,0.2031,0.1062,0.05923,0.03021,0.00671,0.1339,0.0625,0.1877,0.0694,0.006207,0.003366,0.12256,0.1226,0.005882,0.00724,0.06235,0.05963,0.126,0.1194,0.04245,0.05856,0.06235,0.01,0.03036,0.0322,0.2969,0.3037,0.0653,0.0635,0.03253,0.03278,0.3225,0.1637,0.1627,0.01962,0.1301,0.1305,0.09454,0.0892,0.0,0.0,0.0,0.0,0.0,0.0,0.0,0.0,0.0,0.0
00:00:02:10,61,0.01,0.0578,0.02858,0.0416,0.03806,0.1929,0.0865,0.01,0.0576,0.11774,0.007286,0.03802,0.1946,0.0871,0.05856,0.0366,0.005222,0.1486,0.06238,0.1628,0.05725,0.006958,0.00485,0.1477,0.1447,0.00368,0.005245,0.0618,0.05856,0.12415,0.117,0.04227,0.05765,0.05914,0.01,0.03029,0.0322,0.338,0.345,0.0807,0.0775,0.03577,0.03638,0.3013,0.1426,0.1416,0.01692,0.1392,0.1376,0.09674,0.0907,0.0,0.0,0.0,0.0,0.0,0.0,0.0,0.0,0.0,0.0
00:00:02:12,61,0.01,0.0558,0.02748,0.04974,0.04254,0.2096,0.093,0.01,0.0555,0.1293,0.009926,0.04257,0.2119,0.0937,0.0625,0.0349,0.00577,0.1385,0.05862,0.1564,0.05396,0.00534,0.00463,0.1543,0.1534,0.00388,0.004765,0.064,0.06033,0.1285,0.1214,0.0412,0.0611,0.05533,0.01,0.0277,0.03023,0.3308,0.338,0.08093,0.07965,0.0436,0.04443,0.287,0.1355,0.1344,0.0176,0.1411,0.1401,0.10065,0.09467,0.0,0.0,0.0,0.0,0.0,0.0,0.0,0.0,0.0,0.0
00:00:02:14,61,0.01,0.0558,0.0355,0.04016,0.0536,0.2246,0.11554,0.01,0.0555,0.1159,0.0149,0.0537,0.2264,0.1162,0.0655,0.02788,0.00936,0.11914,0.0503,0.1519,0.04965,0.007526,0.005703,0.1605,0.1603,0.002583,0.003422,0.0687,0.0652,0.1289,0.12164,0.04056,0.0625,0.0524,0.01,0.02525,0.02823,0.312,0.3162,0.0796,0.0784,0.05066,0.0513,0.2717,0.1395,0.1388,0.01752,0.1208,0.1193,0.0959,0.09045,0.0,0.0,0.0,0.0,0.0,0.0,0.0,0.0,0.0,0.0
00:00:02:16,61,0.01,0.04617,0.0379,0.04364,0.0667,0.24,0.1464,0.01,0.04593,0.1168,0.01625,0.0669,0.2412,0.1473,0.06274,0.01886,0.0117,0.0871,0.04623,0.1776,0.06223,0.00938,0.003262,0.1203,0.1209,0.00467,0.005543,0.06155,0.0574,0.1324,0.1251,0.03836,0.0615,0.05313,0.01,0.02472,0.02805,0.246,0.248,0.0628,0.06256,0.0664,0.06683,0.2546,0.148,0.1475,0.02031,0.10297,0.1026,0.09015,0.08545,0.0,0.0,0.0,0.0,0.0,0.0,0.0,0.0,0.0,0.0
00:00:02:18,61,0.01,0.045,0.04822,0.04343,0.06494,0.2281,0.1636,0.01,0.04486,0.10754,0.01878,0.0651,0.2291,0.1649,0.06018,0.01499,0.01273,0.0782,0.04718,0.2052,0.08093,0.01077,0.003149,0.0973,0.0972,0.006645,0.007214,0.05838,0.05408,0.1343,0.1278,0.0411,0.06085,0.06183,0.01,0.02582,0.02832,0.2124,0.213,0.0499,0.04883,0.07605,0.07623,0.2283,0.1376,0.1373,0.02214,0.0856,0.0843,0.0863,0.083,0.0,0.0,0.0,0.0,0.0,0.0,0.0,0.0,0.0,0.0
00:00:02:20,61,0.01,0.04697,0.05307,0.04755,0.0575,0.2307,0.1534,0.01,0.0468,0.111,0.0237,0.05765,0.2322,0.1545,0.05515,0.01442,0.01166,0.08044,0.05508,0.2272,0.1062,0.01156,0.001311,0.09436,0.09314,0.01364,0.01284,0.06012,0.05536,0.1351,0.1282,0.0427,0.06143,0.0674,0.01,0.02603,0.02808,0.1931,0.1937,0.03833,0.03708,0.0809,0.0811,0.215,0.1357,0.1355,0.02417,0.0863,0.0844,0.0917,0.08765,0.0,0.0,0.0,0.0,0.0,0.0,0.0,0.0,0.0,0.0
00:00:02:22,61,0.01,0.05093,0.052,0.0398,0.05664,0.2251,0.1354,0.01,0.05084,0.10486,0.02368,0.05676,0.2262,0.1361,0.0535,0.01738,0.00959,0.0847,0.0564,0.2274,0.10406,0.0103,0.0,0.0874,0.08624,0.016,0.01523,0.0599,0.05508,0.1326,0.1265,0.0419,0.05887,0.07153,0.01,0.02888,0.0304,0.19,0.192,0.03882,0.03815,0.06903,0.06946,0.2168,0.1265,0.1262,0.02515,0.09686,0.0963,0.09283,0.0885,0.0,0.0,0.0,0.0,0.0,0.0,0.0,0.0,0.0,0.0
00:00:02:24,61,0.01,0.0551,0.04254,0.03317,0.05777,0.221,0.1224,0.01,0.05502,0.1024,0.01677,0.0579,0.2219,0.1231,0.0524,0.0205,0.00829,0.0922,0.06134,0.2162,0.10236,0.0098,0.0001692,0.0743,0.07574,0.015495,0.01483,0.0581,0.05402,0.1299,0.1241,0.04132,0.05826,0.0707,0.01,0.02924,0.0309,0.1918,0.1952,0.04068,0.04114,0.05527,0.05576,0.232,0.1256,0.1252,0.02567,0.1038,0.1052,0.0932,0.08923,0.0,0.0,0.0,0.0,0.0,0.0,0.0,0.0,0.0,0.0
00:00:02:26,61,0.01,0.05923,0.04196,0.03207,0.06647,0.2084,0.122,0.01,0.05914,0.1008,0.014946,0.0666,0.2092,0.1226,0.05292,0.02045,0.00878,0.0933,0.0625,0.193,0.09247,0.00848,0.002882,0.0684,0.07306,0.01108,0.010796,0.0613,0.0589,0.1272,0.12195,0.04218,0.05927,0.06824,0.01,0.0291,0.03122,0.1964,0.1998,0.04297,0.04416,0.0507,0.0513,0.2458,0.1305,0.13,0.02461,0.0974,0.0999,0.0882,0.0852,0.0,0.0,0.0,0.0,0.0,0.0,0.0,0.0,0.0,0.0
00:00:02:28,61,0.01,0.05762,0.04398,0.0335,0.08057,0.1992,0.1339,0.01,0.05756,0.10077,0.01489,0.0807,0.1997,0.1344,0.05292,0.0204,0.009514,0.087,0.06033,0.177,0.0807,0.005875,0.00514,0.06433,0.07104,0.010376,0.00983,0.06396,0.06305,0.1247,0.12024,0.0421,0.06107,0.06494,0.01,0.02669,0.0289,0.197,0.2003,0.0431,0.04425,0.05124,0.05206,0.2693,0.1306,0.1301,0.02405,0.0865,0.0887,0.0785,0.0765,0.0,0.0,0.0,0.0,0.0,0.0,0.0,0.0,0.0,0.0
00:00:02:30,61,0.01,0.05508,0.04565,0.0339,0.0899,0.19,0.1406,0.01,0.05502,0.0988,0.01421,0.08997,0.1901,0.141,0.05246,0.02087,0.00979,0.0818,0.05734,0.1628,0.0696,0.00392,0.00676,0.07043,0.0783,0.01021,0.00896,0.0645,0.0647,0.1207,0.1168,0.04175,0.0623,0.06174,0.01,0.0251,0.02716,0.204,0.2059,0.04404,0.04492,0.0524,0.05347,0.2837,0.1265,0.126,0.02359,0.0783,0.0799,0.06995,0.0691,0.0,0.0,0.0,0.0,0.0,0.0,0.0,0.0,0.0,0.0
00:00:02:32,61,0.01,0.05402,0.05017,0.03308,0.09265,0.1807,0.1447,0.01,0.05396,0.09534,0.01625,0.0927,0.1807,0.145,0.05215,0.02022,0.01052,0.0759,0.05402,0.1519,0.06128,0.003319,0.00806,0.07935,0.08704,0.009315,0.007904,0.0702,0.0706,0.1171,0.1134,0.0435,0.0638,0.06366,0.01,0.0254,0.0274,0.2046,0.2056,0.04382,0.04434,0.05853,0.05978,0.2837,0.1198,0.1193,0.02325,0.0723,0.07306,0.0647,0.06433,0.0,0.0,0.0,0.0,0.0,0.0,0.0,0.0,0.0,0.0
00:00:02:34,61,0.01,0.05405,0.0536,0.03137,0.0902,0.1735,0.1438,0.01,0.054,0.0914,0.01736,0.09033,0.1735,0.1439,0.05112,0.01942,0.01097,0.0699,0.05057,0.1437,0.05646,0.003656,0.00875,0.0849,0.09247,0.008026,0.006557,0.07513,0.0755,0.11395,0.11035,0.0454,0.06396,0.0664,0.01,0.02608,0.02812,0.1996,0.2,0.04388,0.0443,0.0673,0.0686,0.2805,0.1169,0.11646,0.02306,0.0697,0.0701,0.0635,0.0634,0.0,0.0,0.0,0.0,0.0,0.0,0.0,0.0,0.0,0.0
00:00:02:36,61,0.01,0.0558,0.0578,0.02986,0.0842,0.1674,0.1447,0.01,0.0557,0.08795,0.01987,0.0844,0.1674,0.1445,0.05145,0.01791,0.011955,0.0658,0.04736,0.1378,0.05426,0.00519,0.00869,0.0914,0.0983,0.007244,0.00581,0.07855,0.07825,0.11316,0.1089,0.04688,0.06506,0.068,0.01,0.02672,0.02884,0.1956,0.1952,0.04425,0.0444,0.072,0.0733,0.2773,0.12036,0.12,0.02313,0.06775,0.06757,0.06354,0.0634,0.0,0.0,0.0,0.0,0.0,0.0,0.0,0.0,0.0,0.0
00:00:02:38,61,0.01,0.05838,0.06146,0.02888,0.0757,0.1644,0.1475,0.01,0.0583,0.0853,0.02211,0.0759,0.1647,0.1473,0.05338,0.01599,0.01311,0.06696,0.04614,0.1349,0.05435,0.007236,0.0079,0.1054,0.1113,0.00668,0.005474,0.0802,0.07904,0.1147,0.1096,0.04715,0.06647,0.0668,0.01,0.02684,0.02905,0.2014,0.2004,0.047,0.04697,0.0735,0.07465,0.2717,0.1294,0.129,0.02269,0.0683,0.06744,0.0672,0.06683,0.0,0.0,0.0,0.0,0.0,0.0,0.0,0.0,0.0,0.0
00:00:02:40,61,0.01,0.05975,0.0607,0.02573,0.0702,0.1691,0.1449,0.01,0.05966,0.08203,0.0214,0.07043,0.1693,0.1449,0.0556,0.01724,0.013145,0.0743,0.04565,0.1389,0.05627,0.00841,0.006134,0.1235,0.1278,0.007263,0.00574,0.071,0.06915,0.1162,0.11084,0.04254,0.06665,0.05823,0.01,0.02553,0.02751,0.223,0.2217,0.0531,0.0524,0.07025,0.0712,0.2703,0.1375,0.1371,0.02214,0.0739,0.07245,0.0718,0.0705,0.0,0.0,0.0,0.0,0.0,0.0,0.0,0.0,0.0,0.0
00:00:02:42,61,0.01,0.05783,0.05545,0.02156,0.06177,0.177,0.1298,0.01,0.05774,0.08026,0.01898,0.062,0.177,0.1298,0.05826,0.01955,0.011986,0.08777,0.04602,0.1469,0.05872,0.009834,0.004173,0.1486,0.1488,0.00781,0.006298,0.05856,0.05563,0.11597,0.1104,0.03607,0.06335,0.0499,0.01,0.02559,0.02745,0.2542,0.253,0.06714,0.06464,0.0637,0.0647,0.2554,0.137,0.1366,0.0208,0.08594,0.0838,0.0779,0.0747,0.0,0.0,0.0,0.0,0.0,0.0,0.0,0.0,0.0,0.0
00:00:02:44,61,0.01,0.04828,0.04965,0.01608,0.0627,0.1965,0.1201,0.01,0.04825,0.07904,0.01698,0.0629,0.1967,0.12006,0.0587,0.02362,0.01002,0.11096,0.05173,0.1486,0.05786,0.01064,0.003803,0.1765,0.1709,0.005383,0.00421,0.05884,0.05505,0.11255,0.10693,0.03766,0.0631,0.05206,0.01,0.0288,0.03046,0.2937,0.2937,0.0763,0.07104,0.05832,0.05923,0.2402,0.1304,0.1302,0.0193,0.10657,0.104,0.0833,0.078,0.0,0.0,0.0,0.0,0.0,0.0,0.0,0.0,0.0,0.0
00:00:02:46,61,0.01,0.04147,0.045,0.01698,0.0703,0.218,0.1231,0.01,0.04138,0.08484,0.01701,0.07056,0.2183,0.12317,0.0621,0.02577,0.009995,0.1315,0.0556,0.149,0.05493,0.01207,0.003656,0.1969,0.188,0.002922,0.00197,0.06052,0.05634,0.1175,0.1112,0.03787,0.06616,0.04913,0.01,0.02858,0.03015,0.3333,0.334,0.0791,0.07263,0.0539,0.05475,0.224,0.123,0.1228,0.01772,0.114,0.1123,0.0874,0.0809,0.0,0.0,0.0,0.0,0.0,0.0,0.0,0.0,0.0,0.0
00:00:02:48,61,0.01,0.03918,0.0464,0.02116,0.0807,0.2377,0.1342,0.01,0.03906,0.0905,0.01978,0.081,0.2378,0.1343,0.06885,0.02414,0.01243,0.1421,0.05753,0.1456,0.051,0.01106,0.004314,0.2212,0.2168,0.001028,0.0,0.06287,0.05954,0.12366,0.117,0.03854,0.07184,0.04584,0.01,0.02588,0.02753,0.364,0.3657,0.07544,0.07074,0.05896,0.05975,0.228,0.1203,0.12,0.0169,0.1174,0.1165,0.0915,0.0853,0.0,0.0,0.0,0.0,0.0,0.0,0.0,0.0,0.0,0.0
00:00:02:50,61,0.01,0.03806,0.04556,0.02571,0.09125,0.2512,0.1515,0.01,0.0379,0.09674,0.02065,0.09155,0.2515,0.1519,0.07556,0.02,0.01576,0.1456,0.05927,0.1421,0.04956,0.0096,0.004555,0.253,0.254,0.000734,0.0,0.0629,0.06064,0.1315,0.1239,0.03958,0.07825,0.04242,0.01,0.0224,0.02419,0.3823,0.3838,0.06647,0.06384,0.0678,0.06854,0.237,0.1218,0.12146,0.0162,0.11554,0.1161,0.09467,0.0894,0.0,0.0,0.0,0.0,0.0,0.0,0.0,0.0,0.0,0.0
00:00:02:52,61,0.01,0.0373,0.04446,0.02873,0.09515,0.265,0.1642,0.01,0.0371,0.102,0.02162,0.09546,0.2654,0.1648,0.0795,0.01718,0.01688,0.1405,0.05957,0.1373,0.04828,0.00863,0.004333,0.2847,0.2874,0.0006394,0.0,0.0672,0.0648,0.1362,0.1277,0.04172,0.0823,0.04227,0.01,0.02008,0.02213,0.3826,0.3848,0.0625,0.0603,0.07874,0.0795,0.2474,0.1229,0.1225,0.01622,0.1187,0.11914,0.0993,0.0936,0.0,0.0,0.0,0.0,0.0,0.0,0.0,0.0,0.0,0.0
00:00:02:54,61,0.01,0.0382,0.0413,0.02795,0.08826,0.2686,0.1606,0.01,0.03802,0.10394,0.0213,0.0885,0.269,0.1615,0.0825,0.01833,0.01614,0.1406,0.05643,0.1282,0.0443,0.008835,0.002806,0.3425,0.3423,0.000721,0.0,0.07416,0.0705,0.1362,0.1263,0.04343,0.08136,0.0418,0.01,0.02094,0.02272,0.409,0.4104,0.06506,0.06155,0.07806,0.07855,0.2482,0.1248,0.12445,0.01616,0.126,0.1272,0.1048,0.09827,0.0,0.0,0.0,0.0,0.0,0.0,0.0,0.0,0.0,0.0
00:00:02:56,61,0.4,0.04123,0.0337,0.02798,0.0753,0.2686,0.1399,0.4,0.04102,0.107,0.01599,0.0755,0.2693,0.1407,0.08014,0.01877,0.01479,0.131,0.0512,0.1211,0.04147,0.009,0.002497,0.381,0.3818,0.002127,0.0001751,0.0824,0.0789,0.1321,0.1219,0.04245,0.0784,0.0436,0.01,0.02135,0.0237,0.4077,0.41,0.06885,0.0657,0.0934,0.0942,0.2393,0.11865,0.1182,0.01685,0.131,0.1334,0.1072,0.1005,0.0,0.0,0.0,0.0,0.0,0.0,0.0,0.0,0.0,0.0
00:00:02:58,61,0.6,0.0445,0.03072,0.02687,0.05994,0.265,0.129,0.6,0.04425,0.1093,0.01587,0.06006,0.2659,0.1299,0.0805,0.02065,0.01406,0.1251,0.04755,0.1102,0.0381,0.006992,0.00227,0.4297,0.432,0.002762,0.0003195,0.0917,0.0873,0.1282,0.1171,0.04382,0.076,0.0468,0.01,0.02328,0.02582,0.4224,0.4248,0.0758,0.0734,0.10486,0.1058,0.235,0.114,0.11346,0.01736,0.1471,0.1506,0.1152,0.10834,0.0,0.0,0.0,0.0,0.0,0.0,0.0,0.0,0.0,0.0
00:00:03:00,61,1.0,0.0467,0.02779,0.02841,0.05542,0.2725,0.1261,1.0,0.04645,0.11426,0.0164,0.05554,0.2734,0.1268,0.07654,0.02072,0.01313,0.11005,0.0414,0.09906,0.03497,0.00686,0.001497,0.4756,0.4768,0.003952,0.001346,0.09894,0.09406,0.11884,0.108,0.04242,0.0735,0.0479,0.01,0.0231,0.02583,0.4238,0.426,0.08093,0.079,0.11725,0.1183,0.218,0.098,0.09753,0.01862,0.1514,0.1549,0.11865,0.1109,0.0,0.0,0.0,0.0,0.0,0.0,0.0,0.0,0.0,0.0
00:00:03:02,61,0.6,0.05325,0.03113,0.02611,0.05246,0.278,0.1192,0.6,0.05304,0.1099,0.01732,0.0526,0.2793,0.11993,0.0755,0.02036,0.01327,0.0975,0.0366,0.0917,0.0345,0.00602,0.001518,0.502,0.5054,0.003725,0.001749,0.1117,0.1071,0.11334,0.10284,0.04413,0.0717,0.05136,0.01,0.02538,0.02826,0.4182,0.4194,0.08716,0.0868,0.1292,0.1304,0.1938,0.07605,0.0757,0.01988,0.1543,0.16,0.1284,0.1224,0.0,0.0,0.0,0.0,0.0,0.0,0.0,0.0,0.0,0.0
00:00:03:04,61,0.01,0.05783,0.03384,0.02617,0.03928,0.2737,0.1064,0.01,0.05762,0.10834,0.01857,0.03946,0.2751,0.10693,0.0726,0.01941,0.01323,0.0894,0.03366,0.0915,0.03796,0.00971,0.000468,0.5137,0.5166,0.00644,0.00458,0.1035,0.0983,0.10913,0.0981,0.04007,0.06714,0.0505,0.01,0.02681,0.02977,0.4067,0.407,0.0974,0.0973,0.1382,0.1395,0.1716,0.07007,0.06976,0.02002,0.1552,0.1604,0.1366,0.131,0.0,0.0,0.0,0.0,0.0,0.0,0.0,0.0,0.0,0.0
00:00:03:06,61,0.01,0.0652,0.03955,0.02672,0.02531,0.2612,0.0887,0.01,0.065,0.10474,0.02019,0.02545,0.2625,0.089,0.0703,0.01921,0.0143,0.08435,0.03156,0.091,0.0408,0.008835,0.001976,0.518,0.524,0.007313,0.005844,0.0975,0.0924,0.1044,0.09357,0.038,0.0651,0.0527,0.01,0.02928,0.03223,0.406,0.4053,0.1054,0.10645,0.1504,0.152,0.1718,0.0681,0.0676,0.02092,0.1556,0.1597,0.1394,0.1351,0.0,0.0,0.0,0.0,0.0,0.0,0.0,0.0,0.0,0.0
00:00:03:08,61,0.01,0.0751,0.0402,0.02876,0.01353,0.2406,0.0704,0.01,0.0748,0.1057,0.0203,0.01363,0.2421,0.0706,0.06915,0.02023,0.014046,0.0834,0.0281,0.09467,0.0415,0.01013,0.002348,0.5244,0.5293,0.007717,0.006733,0.0993,0.09357,0.10284,0.09186,0.0369,0.06235,0.05737,0.01,0.03235,0.0357,0.4075,0.4065,0.12054,0.12195,0.1588,0.1605,0.1527,0.07056,0.07007,0.02052,0.1595,0.1625,0.1416,0.1376,0.0,0.0,0.0,0.0,0.0,0.0,0.0,0.0,0.0,0.0
00:00:03:10,61,0.01,0.0745,0.0441,0.02597,0.014565,0.2415,0.07086,0.01,0.0743,0.1004,0.02126,0.014694,0.2426,0.0711,0.0663,0.02496,0.01433,0.0824,0.02625,0.09564,0.0406,0.00784,0.00425,0.5063,0.511,0.007477,0.006554,0.1006,0.0944,0.101,0.09094,0.03925,0.0598,0.06152,0.01,0.03314,0.03613,0.4062,0.406,0.1321,0.1332,0.1588,0.1604,0.1669,0.0655,0.06494,0.02159,0.1691,0.1709,0.1436,0.1384,0.0,0.0,0.0,0.0,0.0,0.0,0.0,0.0,0.0,0.0
00:00:03:12,61,0.01,0.0721,0.0429,0.0322,0.0196,0.256,0.07306,0.01,0.07184,0.10815,0.0219,0.01974,0.2573,0.0736,0.0639,0.02995,0.011345,0.08527,0.0265,0.0949,0.04016,0.0073,0.002926,0.486,0.4873,0.007263,0.005733,0.0956,0.0884,0.1,0.0903,0.03983,0.06024,0.06143,0.01,0.03378,0.0363,0.4036,0.4045,0.1348,0.1357,0.1562,0.1576,0.163,0.0673,0.0668,0.02255,0.1812,0.1819,0.1495,0.1436,0.0,0.0,0.0,0.0,0.0,0.0,0.0,0.0,0.0,0.0
00:00:03:14,61,0.01,0.06586,0.0384,0.0366,0.02887,0.2747,0.08124,0.01,0.06555,0.1165,0.02107,0.02899,0.276,0.082,0.0632,0.03278,0.00907,0.0924,0.0313,0.0951,0.04056,0.00421,0.00179,0.4697,0.467,0.006687,0.005074,0.0864,0.0787,0.10175,0.0915,0.0421,0.0632,0.06195,0.01,0.03433,0.03604,0.405,0.406,0.1262,0.1262,0.145,0.1461,0.1971,0.0736,0.0731,0.02434,0.1968,0.1958,0.1536,0.1473,0.0,0.0,0.0,0.0,0.0,0.0,0.0,0.0,0.0,0.0
00:00:03:16,61,0.01,0.05896,0.03004,0.0351,0.03864,0.2874,0.0933,0.01,0.0587,0.1212,0.01884,0.03876,0.2883,0.09406,0.06903,0.03177,0.0087,0.10443,0.04016,0.10156,0.04065,0.001061,0.002184,0.442,0.4397,0.00492,0.002909,0.0792,0.0716,0.1104,0.0995,0.04672,0.06976,0.06146,0.01,0.0331,0.0349,0.4126,0.4136,0.12085,0.121,0.1337,0.1346,0.2212,0.08136,0.0808,0.02412,0.2076,0.206,0.1545,0.1477,0.0,0.0,0.0,0.0,0.0,0.0,0.0,0.0,0.0,0.0
00:00:03:18,61,0.01,0.05258,0.0266,0.02725,0.04968,0.2795,0.10486,0.01,0.05228,0.1135,0.01551,0.04984,0.2805,0.10535,0.07324,0.02606,0.010864,0.11597,0.05478,0.1174,0.04684,0.001789,0.003174,0.387,0.3901,0.0025,8.166e-05,0.0755,0.07,0.12213,0.11096,0.05054,0.0791,0.05914,0.01,0.0315,0.0338,0.3733,0.3738,0.096,0.0971,0.1273,0.1285,0.2279,0.0861,0.0856,0.02232,0.1962,0.1976,0.1447,0.1398,0.0,0.0,0.0,0.0,0.0,0.0,0.0,0.0,0.0,0.0
00:00:03:20,61,0.01,0.05002,0.02657,0.02628,0.06052,0.2822,0.1227,0.01,0.04974,0.1112,0.01501,0.06073,0.2837,0.12286,0.0746,0.01924,0.0117,0.11707,0.0633,0.1284,0.05164,0.004555,0.003302,0.3347,0.3445,0.000997,0.0,0.07684,0.0741,0.1277,0.11774,0.05225,0.0845,0.0561,0.01,0.03146,0.03464,0.3428,0.3438,0.079,0.0828,0.1273,0.1287,0.2078,0.0913,0.0909,0.02191,0.1765,0.1816,0.1405,0.1382,0.0,0.0,0.0,0.0,0.0,0.0,0.0,0.0,0.0,0.0
00:00:03:22,61,0.01,0.04886,0.02737,0.02834,0.06555,0.2864,0.131,0.01,0.0486,0.11096,0.013985,0.06573,0.288,0.1312,0.07306,0.01192,0.0136,0.1064,0.06305,0.1334,0.05386,0.0083,0.003925,0.3052,0.3196,0.0,0.0,0.0823,0.0822,0.1288,0.1189,0.0527,0.0815,0.05695,0.01,0.02985,0.0337,0.3108,0.311,0.0611,0.0671,0.1306,0.1321,0.2057,0.08575,0.0854,0.02307,0.1504,0.1582,0.1351,0.1351,0.0,0.0,0.0,0.0,0.0,0.0,0.0,0.0,0.0,0.0
00:00:03:24,61,0.01,0.05545,0.03262,0.02278,0.05646,0.2776,0.1216,0.01,0.0552,0.1008,0.01435,0.05673,0.2798,0.12134,0.06805,0.01114,0.01226,0.09906,0.06573,0.1268,0.05493,0.00761,0.003994,0.2817,0.2993,0.0,0.0,0.09125,0.0924,0.12427,0.1153,0.05756,0.0808,0.0633,0.01,0.0341,0.03815,0.2852,0.2856,0.05032,0.05817,0.1279,0.1296,0.2122,0.09576,0.0956,0.02338,0.1498,0.1603,0.1356,0.1381,0.0,0.0,0.0,0.0,0.0,0.0,0.0,0.0,0.0,0.0
00:00:03:26,61,0.01,0.05896,0.0342,0.01707,0.03967,0.2786,0.1007,0.01,0.05875,0.0943,0.01431,0.0399,0.2798,0.10034,0.0633,0.01596,0.01078,0.10077,0.06198,0.1218,0.05438,0.007523,0.002884,0.2942,0.3086,0.0,0.0,0.07306,0.0732,0.12006,0.11005,0.05167,0.0768,0.05728,0.01,0.03445,0.03763,0.318,0.3188,0.05704,0.06192,0.12134,0.12274,0.2279,0.1005,0.1004,0.02351,0.158,0.1659,0.1426,0.1437,0.0,0.0,0.0,0.0,0.0,0.0,0.0,0.0,0.0,0.0
00:00:03:28,61,0.01,0.05972,0.0357,0.01478,0.03555,0.274,0.0893,0.01,0.05954,0.0915,0.0138,0.03574,0.275,0.0889,0.06555,0.02359,0.010666,0.1273,0.0617,0.12415,0.05057,0.007122,0.004322,0.2974,0.308,0.0002809,0.0,0.0672,0.0658,0.1214,0.1121,0.05206,0.0754,0.06146,0.01,0.0378,0.0407,0.3806,0.3843,0.07776,0.0803,0.1208,0.1222,0.2316,0.11053,0.11035,0.02182,0.1772,0.1788,0.1471,0.145,0.0,0.0,0.0,0.0,0.0,0.0,0.0,0.0,0.0,0.0
00:00:03:30,61,0.01,0.05396,0.03738,0.01631,0.0415,0.2676,0.08057,0.01,0.05377,0.0919,0.01344,0.0417,0.2678,0.08026,0.08093,0.02707,0.01307,0.1663,0.0657,0.1248,0.04874,0.00512,0.006348,0.288,0.2979,0.001182,0.0,0.0609,0.05902,0.1377,0.1282,0.05365,0.0741,0.06604,0.01,0.0372,0.03955,0.4143,0.417,0.0851,0.0854,0.127,0.1285,0.225,0.08014,0.0797,0.02168,0.1873,0.1866,0.1418,0.1384,0.0,0.0,0.0,0.0,0.0,0.0,0.0,0.0,0.0,0.0
00:00:03:32,61,0.01,0.04077,0.03378,0.01886,0.0797,0.2898,0.0975,0.01,0.04065,0.0947,0.01184,0.07983,0.29,0.0971,0.09534,0.02199,0.0119,0.2266,0.0709,0.1278,0.045,0.007206,0.004654,0.285,0.2917,0.0,0.0,0.07184,0.0715,0.1478,0.1403,0.05432,0.0778,0.05585,0.01,0.0336,0.03622,0.411,0.4119,0.0689,0.06824,0.12036,0.1219,0.204,0.06015,0.05984,0.02194,0.1731,0.1769,0.1295,0.12463,0.0,0.0,0.0,0.0,0.0,0.0,0.0,0.0,0.0,0.0
00:00:03:34,61,0.01,0.0394,0.04282,0.02097,0.0999,0.3125,0.1456,0.01,0.0394,0.0925,0.01714,0.1,0.3137,0.1456,0.094,0.01692,0.01452,0.2212,0.08057,0.12366,0.04373,0.008514,0.004875,0.253,0.2666,0.0,0.0,0.08923,0.0897,0.1552,0.1486,0.06335,0.0901,0.054,0.01,0.03032,0.03336,0.396,0.4004,0.043,0.04752,0.1282,0.1296,0.215,0.06647,0.06635,0.02188,0.1619,0.1659,0.136,0.1327,0.0,0.0,0.0,0.0,0.0,0.0,0.0,0.0,0.0,0.0
00:00:03:36,61,0.01,0.0337,0.04486,0.01715,0.0998,0.3105,0.158,0.01,0.0336,0.0858,0.01668,0.1,0.312,0.1576,0.0876,0.02042,0.01232,0.1603,0.09125,0.1152,0.05328,0.00935,0.00531,0.2079,0.2231,0.0,0.0,0.0822,0.0839,0.1488,0.1392,0.07587,0.0961,0.0669,0.01,0.03043,0.03223,0.3079,0.3098,0.0439,0.0474,0.117,0.11914,0.2263,0.05588,0.05573,0.02362,0.148,0.1552,0.1262,0.1273,0.0,0.0,0.0,0.0,0.0,0.0,0.0,0.0,0.0,0.0
00:00:03:38,61,0.01,0.03452,0.0354,0.0166,0.0909,0.3015,0.1423,0.01,0.03436,0.08514,0.00725,0.09106,0.3032,0.1421,0.07104,0.01733,0.01141,0.11395,0.08966,0.1163,0.0638,0.00785,0.006393,0.1771,0.19,0.0,0.0,0.06964,0.0711,0.132,0.1224,0.06995,0.09155,0.06213,0.01,0.03023,0.03256,0.2314,0.2292,0.03665,0.03763,0.11865,0.12006,0.2192,0.04135,0.04114,0.02614,0.1335,0.1405,0.1217,0.1236,0.0,0.0,0.0,0.0,0.0,0.0,0.0,0.0,0.0,0.0
00:00:03:40,61,0.01,0.02861,0.0244,0.01898,0.11273,0.307,0.1372,0.01,0.02846,0.0936,0.002056,0.1129,0.3079,0.1372,0.06775,0.01932,0.01108,0.1109,0.08154,0.1276,0.06433,0.007618,0.005474,0.1853,0.192,0.00352,0.0,0.06244,0.06207,0.1345,0.1255,0.06323,0.0887,0.05066,0.01,0.02545,0.02777,0.2365,0.2352,0.0367,0.03558,0.1153,0.11646,0.2167,0.03363,0.03308,0.02553,0.1372,0.1438,0.1169,0.11554,0.0,0.0,0.0,0.0,0.0,0.0,0.0,0.0,0.0,0.0
00:00:03:42,61,0.01,0.02652,0.02043,0.018,0.1343,0.308,0.1444,0.01,0.02635,0.09467,0.0006547,0.1345,0.3086,0.144,0.0674,0.01825,0.01063,0.1154,0.0793,0.1305,0.06122,0.007496,0.004147,0.2279,0.2307,0.004772,0.000773,0.06433,0.0644,0.1296,0.1205,0.0608,0.08624,0.053,0.01,0.02818,0.03003,0.2551,0.2527,0.03687,0.03537,0.1057,0.1067,0.2158,0.0344,0.0338,0.02484,0.1565,0.1649,0.1222,0.1197,0.0,0.0,0.0,0.0,0.0,0.0,0.0,0.0,0.0,0.0
00:00:03:44,61,0.01,0.0322,0.02737,0.01862,0.12366,0.2993,0.1503,0.01,0.03204,0.09247,0.005512,0.12396,0.2993,0.1498,0.06616,0.014824,0.01268,0.1111,0.072,0.1299,0.06052,0.004967,0.004623,0.2808,0.2878,0.005714,0.001832,0.06555,0.0665,0.12146,0.1139,0.054,0.07886,0.05698,0.01,0.03036,0.0321,0.2793,0.2761,0.04364,0.0446,0.0988,0.0995,0.2191,0.05267,0.05206,0.0244,0.1643,0.1732,0.1272,0.1256,0.0,0.0,0.0,0.0,0.0,0.0,0.0,0.0,0.0,0.0
00:00:03:46,61,0.01,0.04297,0.02917,0.01412,0.0915,0.281,0.1432,0.01,0.04282,0.0888,0.007534,0.0918,0.281,0.1428,0.06665,0.01241,0.013504,0.10077,0.0642,0.12103,0.0562,0.00257,0.004227,0.3389,0.3467,0.00393,0.0001779,0.07916,0.07983,0.1135,0.1065,0.0519,0.0772,0.06036,0.01,0.03278,0.03467,0.297,0.2937,0.05118,0.05292,0.094,0.09454,0.211,0.0657,0.0653,0.02437,0.1687,0.179,0.1368,0.1359,0.0,0.0,0.0,0.0,0.0,0.0,0.0,0.0,0.0,0.0
00:00:03:48,61,0.01,0.05063,0.03105,0.01273,0.0642,0.2622,0.13,0.01,0.05048,0.0879,0.009514,0.06445,0.2625,0.1299,0.0651,0.012695,0.01295,0.0928,0.05835,0.11115,0.0519,0.002382,0.002876,0.3816,0.3894,0.003687,0.0,0.0843,0.0839,0.1054,0.099,0.048,0.0759,0.0598,0.01,0.0332,0.03503,0.31,0.3074,0.05844,0.06073,0.1021,0.1026,0.1869,0.0695,0.0693,0.02357,0.167,0.1765,0.1403,0.1385,0.0,0.0,0.0,0.0,0.0,0.0,0.0,0.0,0.0,0.0
00:00:03:50,61,0.01,0.05402,0.03458,0.01337,0.04034,0.247,0.1057,0.01,0.0539,0.08716,0.01147,0.0406,0.2474,0.1056,0.06445,0.015076,0.011505,0.0893,0.05313,0.1016,0.04794,0.004093,0.002218,0.409,0.414,0.003925,0.000603,0.08856,0.0869,0.1025,0.0963,0.04718,0.0699,0.0636,0.01,0.0352,0.03717,0.3218,0.3196,0.06934,0.0707,0.1185,0.11914,0.159,0.05884,0.05875,0.0223,0.1691,0.1764,0.1415,0.1389,0.0,0.0,0.0,0.0,0.0,0.0,0.0,0.0,0.0,0.0
00:00:03:52,61,0.01,0.0573,0.03986,0.012634,0.03072,0.2296,0.0787,0.01,0.05722,0.0811,0.01164,0.03091,0.2301,0.0786,0.06494,0.02034,0.0102,0.0919,0.04837,0.0941,0.04492,0.00451,0.00288,0.4377,0.4404,0.003706,0.0007615,0.0893,0.0872,0.0973,0.0909,0.04678,0.0663,0.06256,0.01,0.0365,0.03818,0.3506,0.3484,0.0828,0.0827,0.1244,0.1251,0.1602,0.0525,0.0524,0.02176,0.1676,0.1725,0.1349,0.1323,0.0,0.0,0.0,0.0,0.0,0.0,0.0,0.0,0.0,0.0
00:00:03:54,61,0.01,0.0591,0.0436,0.012825,0.02531,0.2307,0.0728,0.01,0.05902,0.079,0.01305,0.02553,0.2312,0.07275,0.067,0.02277,0.01044,0.0921,0.04443,0.08887,0.04245,0.004555,0.002954,0.4536,0.4553,0.002642,0.0,0.0926,0.0904,0.09595,0.08984,0.04736,0.0657,0.0622,0.01,0.03677,0.03842,0.3691,0.3672,0.0881,0.08704,0.1277,0.1285,0.165,0.0519,0.0518,0.02196,0.1652,0.1691,0.132,0.1292,0.0,0.0,0.0,0.0,0.0,0.0,0.0,0.0,0.0,0.0
00:00:03:56,61,0.4,0.05795,0.04266,0.01151,0.03247,0.2372,0.0758,0.4,0.05786,0.0792,0.01341,0.03268,0.2373,0.07574,0.071,0.02454,0.0109,0.09827,0.04272,0.0871,0.03793,0.004364,0.00222,0.4734,0.4724,0.001447,0.0,0.0963,0.0941,0.0956,0.08936,0.0464,0.06885,0.05713,0.01,0.0354,0.0368,0.3945,0.3923,0.08997,0.0872,0.1274,0.1282,0.1666,0.04846,0.04843,0.02176,0.1606,0.1648,0.129,0.1252,0.0,0.0,0.0,0.0,0.0,0.0,0.0,0.0,0.0,0.0
00:00:03:58,61,0.6,0.05237,0.03693,0.010086,0.05017,0.252,0.08844,0.6,0.05228,0.0805,0.01037,0.0504,0.252,0.0884,0.07495,0.0231,0.011246,0.1057,0.0461,0.0865,0.03656,0.005196,0.001552,0.476,0.4722,0.001145,0.0,0.0941,0.0923,0.097,0.0907,0.04633,0.0731,0.05185,0.01,0.03482,0.03613,0.3992,0.3967,0.0862,0.08234,0.1376,0.1381,0.1489,0.03644,0.03644,0.02153,0.1617,0.1666,0.1311,0.1263,0.0,0.0,0.0,0.0,0.0,0.0,0.0,0.0,0.0,0.0
00:00:04:00,61,1.0,0.04694,0.0333,0.00866,0.0651,0.2576,0.1001,1.0,0.04684,0.0797,0.007317,0.06537,0.2573,0.10004,0.0761,0.0221,0.01111,0.11096,0.05048,0.0868,0.03723,0.005154,0.001924,0.4636,0.4587,0.001867,0.0,0.0867,0.0852,0.0978,0.092,0.04562,0.07434,0.04868,0.01,0.03485,0.03583,0.3926,0.39,0.0878,0.08325,0.1488,0.1492,0.1344,0.02335,0.0234,0.0219,0.1669,0.1709,0.1333,0.1276,0.0,0.0,0.0,0.0,0.0,0.0,0.0,0.0,0.0,0.0
00:00:04:02,61,0.6,0.04425,0.03033,0.00815,0.0756,0.2554,0.1047,0.6,0.0442,0.0795,0.00434,0.0758,0.2546,0.1046,0.07513,0.02467,0.01067,0.1149,0.05252,0.0898,0.03613,0.003986,0.003584,0.437,0.4346,0.002491,0.0,0.08295,0.0824,0.0979,0.09265,0.04678,0.0733,0.04984,0.01,0.03473,0.0357,0.3914,0.3894,0.0928,0.0883,0.1512,0.1517,0.1371,0.01545,0.01554,0.02237,0.1677,0.1714,0.13,0.12445,0.0,0.0,0.0,0.0,0.0,0.0,0.0,0.0,0.0,0.0
00:00:04:04,61,0.01,0.04538,0.03023,0.00999,0.07306,0.2483,0.10626,0.01,0.04535,0.0819,0.004436,0.07324,0.2478,0.10626,0.07324,0.02602,0.01045,0.1126,0.0514,0.09064,0.0362,0.005535,0.003563,0.4136,0.4111,0.002586,8.225e-05,0.084,0.083,0.09784,0.0927,0.04724,0.0711,0.05295,0.01,0.03412,0.03528,0.3796,0.379,0.0937,0.08954,0.1517,0.1522,0.1356,0.01328,0.0134,0.02235,0.1635,0.1655,0.1273,0.12134,0.0,0.0,0.0,0.0,0.0,0.0,0.0,0.0,0.0,0.0
00:00:04:06,61,0.01,0.04825,0.02887,0.01182,0.07043,0.2379,0.10565,0.01,0.0482,0.0844,0.00345,0.07056,0.2374,0.1057,0.07086,0.02663,0.01046,0.1076,0.04962,0.0932,0.03625,0.00593,0.004528,0.387,0.386,0.00213,0.0,0.0865,0.08575,0.0973,0.09186,0.04846,0.06976,0.05692,0.01,0.0338,0.0352,0.367,0.366,0.0945,0.0909,0.1488,0.1494,0.1428,0.01494,0.01507,0.02287,0.1554,0.1575,0.1235,0.1182,0.0,0.0,0.0,0.0,0.0,0.0,0.0,0.0,0.0,0.0
00:00:04:08,61,0.01,0.05145,0.02855,0.01522,0.0651,0.227,0.1028,0.01,0.05136,0.0878,0.003122,0.06525,0.2269,0.1029,0.0664,0.02644,0.01055,0.0985,0.04633,0.0953,0.0378,0.00768,0.005272,0.3557,0.3557,0.001999,0.0,0.08746,0.08685,0.0955,0.08997,0.04825,0.06696,0.06113,0.01,0.03293,0.03467,0.3447,0.344,0.09204,0.0895,0.1521,0.1528,0.1454,0.0166,0.01672,0.02342,0.1416,0.1431,0.118,0.1135,0.0,0.0,0.0,0.0,0.0,0.0,0.0,0.0,0.0,0.0
00:00:04:10,61,0.01,0.05405,0.02892,0.0177,0.06506,0.2211,0.09875,0.01,0.05396,0.08905,0.001959,0.0652,0.2212,0.0989,0.0627,0.02585,0.01077,0.092,0.0448,0.09955,0.04004,0.01025,0.00618,0.3218,0.322,0.0019455,0.0004175,0.0895,0.0893,0.0951,0.0895,0.0503,0.0648,0.06714,0.01,0.0334,0.03552,0.3184,0.317,0.0917,0.08954,0.1558,0.1565,0.1437,0.0179,0.01808,0.024,0.1322,0.1339,0.11456,0.11096,0.0,0.0,0.0,0.0,0.0,0.0,0.0,0.0,0.0,0.0
00:00:04:12,61,0.01,0.0514,0.02835,0.01971,0.06305,0.2186,0.0971,0.01,0.05127,0.09106,0.001108,0.06305,0.2186,0.0972,0.05978,0.02386,0.01107,0.0876,0.0461,0.10815,0.0443,0.01276,0.006805,0.2844,0.2856,0.00294,0.001447,0.0819,0.0823,0.0972,0.09143,0.04944,0.063,0.06805,0.01,0.03217,0.03467,0.2866,0.2852,0.09143,0.08966,0.1608,0.1616,0.1448,0.01994,0.02011,0.02429,0.1299,0.1321,0.1141,0.1108,0.0,0.0,0.0,0.0,0.0,0.0,0.0,0.0,0.0,0.0
00:00:04:14,61,0.01,0.0455,0.02892,0.0189,0.0661,0.2201,0.10175,0.01,0.04538,0.0886,0.0003903,0.0661,0.2202,0.10187,0.0596,0.01846,0.0111,0.08496,0.052,0.1141,0.0506,0.013695,0.00678,0.2428,0.2446,0.003716,0.002644,0.0756,0.07623,0.10175,0.09595,0.05157,0.0652,0.07166,0.01,0.03357,0.03635,0.2445,0.2428,0.0804,0.0801,0.1671,0.1678,0.1359,0.02583,0.02602,0.02454,0.1349,0.1382,0.11865,0.116,0.0,0.0,0.0,0.0,0.0,0.0,0.0,0.0,0.0,0.0
00:00:04:16,61,0.01,0.04416,0.03041,0.01768,0.0663,0.2157,0.09796,0.01,0.0441,0.08527,0.00011903,0.0663,0.2158,0.0981,0.05786,0.01643,0.01022,0.08295,0.05508,0.11676,0.05225,0.01128,0.00813,0.2157,0.2195,0.00423,0.003069,0.0741,0.0754,0.10236,0.0967,0.05365,0.066,0.0762,0.01,0.03534,0.03827,0.2262,0.2241,0.0744,0.07513,0.1627,0.1635,0.1464,0.03345,0.0336,0.02513,0.1394,0.1433,0.1204,0.119,0.0,0.0,0.0,0.0,0.0,0.0,0.0,0.0,0.0,0.0
00:00:04:18,61,0.01,0.04153,0.03207,0.01585,0.07,0.2205,0.1001,0.01,0.0415,0.0818,9.58e-05,0.07,0.2205,0.10016,0.05756,0.0158,0.01032,0.08234,0.05957,0.1176,0.0552,0.00946,0.00837,0.2031,0.2074,0.004486,0.002874,0.0724,0.07355,0.10443,0.0987,0.05548,0.069,0.0752,0.01,0.03485,0.03775,0.2129,0.2106,0.06647,0.0673,0.1566,0.1575,0.16,0.03958,0.03964,0.02592,0.1448,0.1482,0.1222,0.12085,0.0,0.0,0.0,0.0,0.0,0.0,0.0,0.0,0.0,0.0
00:00:04:20,61,0.01,0.04025,0.03333,0.01487,0.0722,0.2242,0.09906,0.01,0.04025,0.07947,0.0,0.07214,0.2244,0.09906,0.05682,0.015,0.01039,0.0808,0.06335,0.1186,0.0576,0.007965,0.00876,0.1964,0.2019,0.004536,0.002405,0.0727,0.07404,0.10425,0.09875,0.05692,0.0711,0.0749,0.01,0.03464,0.03754,0.2018,0.1991,0.06216,0.0635,0.154,0.155,0.165,0.04272,0.04272,0.02643,0.1476,0.1509,0.12213,0.12103,0.0,0.0,0.0,0.0,0.0,0.0,0.0,0.0,0.0,0.0
00:00:04:22,61,0.01,0.03882,0.0339,0.014175,0.0753,0.2284,0.0996,0.01,0.03882,0.0779,0.0,0.0753,0.2284,0.09955,0.05667,0.01502,0.010284,0.0805,0.0656,0.1191,0.05923,0.007496,0.00888,0.1929,0.1982,0.004745,0.002378,0.0713,0.0726,0.10443,0.09906,0.05768,0.07227,0.0742,0.01,0.03473,0.0376,0.1968,0.1938,0.06107,0.06223,0.153,0.1538,0.1665,0.0434,0.04337,0.02681,0.1508,0.1537,0.12274,0.1214,0.0,0.0,0.0,0.0,0.0,0.0,0.0,0.0,0.0,0.0
00:00:04:24,61,0.01,0.0374,0.03433,0.013504,0.07837,0.2319,0.0998,0.01,0.0374,0.0764,0.0,0.07837,0.2319,0.09973,0.05652,0.01511,0.01016,0.0807,0.0674,0.1193,0.0606,0.007248,0.00892,0.1902,0.1953,0.00507,0.00252,0.0697,0.07086,0.10455,0.0993,0.05817,0.07275,0.07367,0.01,0.0348,0.03763,0.1932,0.1903,0.0605,0.06146,0.153,0.1538,0.1653,0.04266,0.0426,0.02704,0.1534,0.1559,0.1235,0.12177,0.0,0.0,0.0,0.0,0.0,0.0,0.0,0.0,0.0,0.0
00:00:04:26,61,0.01,0.03638,0.03482,0.01299,0.08105,0.234,0.10004,0.01,0.03638,0.07513,0.0,0.08105,0.234,0.1,0.05624,0.01519,0.01012,0.0806,0.0684,0.11945,0.06152,0.007042,0.009056,0.1871,0.1921,0.00532,0.002663,0.06824,0.06946,0.10455,0.09937,0.05838,0.07294,0.0733,0.01,0.03488,0.03766,0.1903,0.1874,0.05988,0.0607,0.153,0.1538,0.1643,0.04117,0.04108,0.02722,0.1547,0.1569,0.1236,0.1217,0.0,0.0,0.0,0.0,0.0,0.0,0.0,0.0,0.0,0.0
00:00:04:28,61,0.01,0.03574,0.03503,0.01275,0.0831,0.2356,0.1006,0.01,0.03574,0.0744,0.0,0.0831,0.2355,0.1005,0.05606,0.01517,0.010086,0.0805,0.06915,0.1195,0.06226,0.006973,0.00917,0.1849,0.1898,0.005447,0.002764,0.06757,0.0688,0.10443,0.0993,0.05875,0.0731,0.0734,0.01,0.03506,0.03784,0.1881,0.1853,0.05948,0.06027,0.1537,0.1545,0.1626,0.03986,0.03973,0.02737,0.1556,0.1576,0.1237,0.12177,0.0,0.0,0.0,0.0,0.0,0.0,0.0,0.0,0.0,0.0
00:00:04:30,61,0.01,0.0354,0.035,0.012695,0.0842,0.2365,0.1007,0.01,0.0354,0.0742,0.0,0.0842,0.2363,0.1006,0.05585,0.01515,0.01001,0.0802,0.0696,0.1196,0.06274,0.00683,0.00928,0.1829,0.188,0.00551,0.002787,0.0671,0.0683,0.10443,0.09937,0.05884,0.07306,0.0735,0.01,0.0352,0.03796,0.1865,0.1837,0.0591,0.05994,0.1544,0.1554,0.1613,0.0387,0.03857,0.02748,0.156,0.158,0.1239,0.1219,0.0,0.0,0.0,0.0,0.0,0.0,0.0,0.0,0.0,0.0
00:00:04:32,61,0.01,0.03525,0.03503,0.01269,0.0852,0.237,0.10077,0.01,0.03528,0.074,0.0,0.0852,0.2368,0.10065,0.05566,0.0151,0.00997,0.07996,0.0699,0.1197,0.0631,0.00677,0.00937,0.1814,0.1865,0.00554,0.002821,0.0669,0.0682,0.1044,0.09937,0.05905,0.07306,0.07367,0.01,0.03528,0.0381,0.1853,0.1824,0.0588,0.05972,0.1553,0.1561,0.1598,0.0377,0.03757,0.02753,0.1562,0.1581,0.12396,0.122,0.0,0.0,0.0,0.0,0.0,0.0,0.0,0.0,0.0,0.0
00:00:04:34,61,0.01,0.03513,0.03506,0.01263,0.086,0.2375,0.1008,0.01,0.03516,0.0737,0.0,0.086,0.2374,0.10077,0.0555,0.01506,0.00996,0.07965,0.0701,0.11975,0.06354,0.006695,0.00944,0.1802,0.1853,0.00566,0.002922,0.06647,0.06775,0.1044,0.09937,0.05914,0.0731,0.0737,0.01,0.03534,0.03815,0.184,0.1812,0.0585,0.05945,0.156,0.1569,0.1589,0.0368,0.03665,0.02763,0.1565,0.1583,0.1241,0.1221,0.0,0.0,0.0,0.0,0.0,0.0,0.0,0.0,0.0,0.0
00:00:04:36,61,0.01,0.03516,0.0351,0.01255,0.08673,0.238,0.1008,0.01,0.0352,0.0735,0.0,0.08673,0.2379,0.10077,0.05536,0.01499,0.00996,0.07935,0.07025,0.11975,0.06384,0.00667,0.0095,0.1791,0.1843,0.005733,0.00299,0.06616,0.0675,0.1043,0.09937,0.0592,0.0731,0.0738,0.01,0.03543,0.03824,0.1829,0.1799,0.0582,0.05917,0.1564,0.1572,0.1576,0.036,0.03586,0.02768,0.1565,0.1583,0.12415,0.1222,0.0,0.0,0.0,0.0,0.0,0.0,0.0,0.0,0.0,0.0
00:00:04:38,61,0.01,0.03543,0.035,0.012566,0.0872,0.2383,0.10077,0.01,0.03546,0.0734,0.0,0.0872,0.2382,0.10065,0.05518,0.014885,0.00994,0.0787,0.07007,0.1197,0.06396,0.00662,0.009575,0.178,0.1833,0.005787,0.003023,0.06616,0.06757,0.10443,0.0994,0.05927,0.0731,0.074,0.01,0.03552,0.03833,0.1816,0.1788,0.05786,0.05887,0.1567,0.1576,0.1565,0.0354,0.03525,0.02774,0.1561,0.158,0.12415,0.12225,0.0,0.0,0.0,0.0,0.0,0.0,0.0,0.0,0.0,0.0
00:00:04:40,61,0.01,0.0362,0.0348,0.012825,0.08746,0.2382,0.10065,0.01,0.03622,0.0737,0.0,0.08746,0.238,0.1006,0.05493,0.014755,0.009895,0.0774,0.0693,0.11926,0.0638,0.00671,0.00959,0.1775,0.1829,0.005817,0.003023,0.06683,0.06824,0.1045,0.0995,0.0593,0.073,0.07434,0.01,0.03552,0.03836,0.1802,0.1771,0.05762,0.05865,0.157,0.1578,0.1556,0.03513,0.03497,0.02779,0.1549,0.1569,0.124,0.12225,0.0,0.0,0.0,0.0,0.0,0.0,0.0,0.0,0.0,0.0
00:00:04:42,61,0.01,0.03848,0.03372,0.01443,0.0897,0.24,0.10175,0.01,0.0385,0.0755,0.0,0.0897,0.2401,0.1016,0.0543,0.01437,0.00987,0.07306,0.0672,0.11847,0.06335,0.00687,0.01019,0.1724,0.1783,0.00558,0.002739,0.06934,0.0709,0.1052,0.1,0.06006,0.0732,0.07544,0.01,0.0355,0.03854,0.1755,0.1722,0.05646,0.0578,0.1583,0.1593,0.1549,0.03345,0.03323,0.02812,0.1503,0.1522,0.1224,0.12103,0.0,0.0,0.0,0.0,0.0,0.0,0.0,0.0,0.0,0.0
00:00:04:44,61,0.01,0.0418,0.03546,0.01544,0.0906,0.2451,0.1046,0.01,0.04184,0.0759,0.0,0.09064,0.2458,0.1045,0.05246,0.01344,0.009415,0.0675,0.0629,0.11456,0.06226,0.009254,0.00972,0.1665,0.1711,0.00469,0.002497,0.0818,0.0829,0.10486,0.0994,0.06525,0.07214,0.0849,0.01,0.03766,0.0411,0.162,0.1594,0.05292,0.05453,0.1666,0.1676,0.1361,0.0309,0.03078,0.02856,0.1456,0.1473,0.1222,0.1207,0.0,0.0,0.0,0.0,0.0,0.0,0.0,0.0,0.0,0.0
00:00:04:46,61,0.01,0.04395,0.03693,0.01591,0.08905,0.249,0.10223,0.01,0.04395,0.0771,0.0004108,0.0891,0.2499,0.10205,0.05112,0.0132,0.009315,0.06064,0.0553,0.111,0.05997,0.01146,0.00827,0.157,0.1605,0.00486,0.002283,0.0852,0.0858,0.1039,0.0985,0.06506,0.0696,0.09015,0.01,0.03815,0.04175,0.1501,0.1481,0.05063,0.05197,0.1707,0.1718,0.1252,0.0288,0.02867,0.02989,0.1377,0.139,0.1204,0.1186,0.0,0.0,0.0,0.0,0.0,0.0,0.0,0.0,0.0,0.0
00:00:04:48,61,0.01,0.04565,0.04422,0.01231,0.0858,0.252,0.1027,0.01,0.0457,0.06946,0.003149,0.086,0.2532,0.1024,0.05017,0.01207,0.00972,0.05447,0.0494,0.1047,0.06018,0.01506,0.005867,0.1566,0.1561,0.00531,0.002844,0.0975,0.0966,0.1007,0.09546,0.0704,0.06696,0.1038,0.01,0.04205,0.04544,0.1328,0.1313,0.0474,0.048,0.1727,0.1738,0.10803,0.0292,0.02916,0.0326,0.1344,0.1346,0.121,0.11804,0.0,0.0,0.0,0.0,0.0,0.0,0.0,0.0,0.0,0.0
00:00:04:50,61,0.01,0.04666,0.0426,0.01096,0.0877,0.251,0.0998,0.01,0.04666,0.0687,0.001733,0.0879,0.2517,0.0994,0.04996,0.01232,0.009285,0.0531,0.04825,0.1028,0.06046,0.01534,0.004963,0.1508,0.1493,0.006622,0.003704,0.0957,0.095,0.1002,0.09503,0.0701,0.06604,0.10675,0.01,0.04306,0.04633,0.1265,0.1254,0.0454,0.0456,0.1663,0.1674,0.1043,0.02823,0.02812,0.034,0.1327,0.133,0.11975,0.1162,0.0,0.0,0.0,0.0,0.0,0.0,0.0,0.0,0.0,0.0
00:00:04:52,61,0.01,0.04837,0.04047,0.01236,0.07623,0.2463,0.0948,0.01,0.0483,0.07245,0.001753,0.07635,0.2473,0.09454,0.04865,0.01404,0.00847,0.05264,0.04773,0.1024,0.06122,0.0158,0.004604,0.1477,0.1464,0.006588,0.003384,0.09393,0.09247,0.10077,0.0948,0.0692,0.06384,0.1081,0.01,0.04358,0.04675,0.1271,0.1265,0.04797,0.04794,0.1614,0.1625,0.1083,0.0291,0.02896,0.03433,0.1357,0.1355,0.12085,0.11694,0.0,0.0,0.0,0.0,0.0,0.0,0.0,0.0,0.0,0.0
00:00:04:54,61,0.01,0.04965,0.04077,0.0129,0.07697,0.2452,0.0915,0.01,0.04965,0.0733,0.001935,0.0771,0.2462,0.0912,0.04752,0.01426,0.007996,0.05026,0.0475,0.10077,0.05875,0.01366,0.00529,0.1416,0.1414,0.006596,0.003351,0.1017,0.10077,0.0997,0.094,0.0716,0.0637,0.1125,0.01,0.04407,0.04736,0.1223,0.12195,0.04578,0.046,0.1613,0.1626,0.11755,0.02893,0.02882,0.0348,0.1342,0.1348,0.11804,0.11475,0.0,0.0,0.0,0.0,0.0,0.0,0.0,0.0,0.0,0.0
00:00:04:56,61,0.01,0.04892,0.04315,0.01383,0.0801,0.242,0.0933,0.01,0.04892,0.0716,0.002312,0.0802,0.243,0.0931,0.0471,0.013405,0.00809,0.05032,0.04703,0.1002,0.0592,0.013916,0.005768,0.1399,0.1396,0.00726,0.003963,0.1004,0.0996,0.0993,0.0938,0.0713,0.063,0.1141,0.01,0.04465,0.04797,0.11993,0.1192,0.04645,0.04648,0.1665,0.1677,0.1125,0.02864,0.02852,0.03467,0.1277,0.1271,0.11444,0.1113,0.0,0.0,0.0,0.0,0.0,0.0,0.0,0.0,0.0,0.0
00:00:04:58,61,0.01,0.0473,0.04697,0.01275,0.0815,0.2465,0.09924,0.01,0.04727,0.06805,0.003654,0.0816,0.2478,0.09894,0.0469,0.01291,0.00834,0.04846,0.04578,0.09625,0.06012,0.01403,0.005463,0.138,0.1373,0.007317,0.004036,0.10364,0.10254,0.099,0.0934,0.07404,0.06198,0.11975,0.01,0.0463,0.04953,0.11646,0.1158,0.04456,0.04428,0.1688,0.1702,0.1105,0.02896,0.02887,0.03555,0.1229,0.1216,0.1117,0.1083,0.0,0.0,0.0,0.0,0.0,0.0,0.0,0.0,0.0,0.0
00:00:05:00,61,0.01,0.04727,0.0477,0.013504,0.0773,0.2487,0.09705,0.01,0.04724,0.06964,0.005703,0.07745,0.2499,0.0967,0.04657,0.0128,0.00861,0.0488,0.04587,0.09937,0.06113,0.01492,0.00536,0.1371,0.136,0.00812,0.004356,0.1,0.0984,0.1007,0.0949,0.0718,0.0616,0.1156,0.01,0.04507,0.04837,0.1156,0.11475,0.0462,0.0457,0.1672,0.1686,0.1076,0.0298,0.02968,0.0356,0.1266,0.1252,0.1146,0.111,0.0,0.0,0.0,0.0,0.0,0.0,0.0,0.0,0.0,0.0
00:00:05:02,61,0.01,0.0451,0.04758,0.012314,0.06604,0.2443,0.093,0.01,0.04507,0.07166,0.008766,0.0661,0.2452,0.09265,0.04282,0.01414,0.006847,0.04944,0.04538,0.0987,0.0605,0.012375,0.00435,0.1398,0.141,0.006565,0.002186,0.091,0.08923,0.0992,0.09375,0.06805,0.05798,0.12024,0.01,0.04745,0.0506,0.1159,0.11584,0.04407,0.04343,0.163,0.1643,0.10754,0.03186,0.03168,0.03564,0.1268,0.12445,0.1135,0.10956,0.0,0.0,0.0,0.0,0.0,0.0,0.0,0.0,0.0,0.0
00:00:05:04,61,0.01,0.0449,0.04703,0.01453,0.06683,0.238,0.0972,0.01,0.04486,0.07367,0.009224,0.06696,0.2394,0.09686,0.04404,0.01325,0.007088,0.0562,0.05133,0.1054,0.0627,0.01273,0.00556,0.1371,0.138,0.005356,0.001011,0.08215,0.0801,0.10394,0.09814,0.06494,0.06122,0.1088,0.01,0.0451,0.04828,0.1282,0.1273,0.04642,0.0456,0.1589,0.1603,0.0952,0.02942,0.02925,0.0325,0.1279,0.12494,0.11554,0.11163,0.0,0.0,0.0,0.0,0.0,0.0,0.0,0.0,0.0,0.0
00:00:05:06,61,0.01,0.04,0.04822,0.01399,0.0735,0.2357,0.10846,0.01,0.04,0.07135,0.00888,0.0736,0.237,0.10803,0.04453,0.014496,0.007484,0.06088,0.05554,0.10925,0.06506,0.011375,0.006542,0.1301,0.1318,0.003878,0.0,0.07446,0.0724,0.1057,0.10004,0.0636,0.0625,0.1039,0.01,0.04428,0.0471,0.1371,0.1362,0.0481,0.04654,0.1592,0.1604,0.09235,0.02214,0.02202,0.0315,0.1232,0.119,0.1123,0.10834,0.0,0.0,0.0,0.0,0.0,0.0,0.0,0.0,0.0,0.0
00:00:05:08,61,0.01,0.03384,0.05127,0.01176,0.08167,0.2434,0.1233,0.01,0.03387,0.06744,0.01041,0.08185,0.2446,0.12286,0.04575,0.01515,0.00848,0.06244,0.05585,0.1107,0.0661,0.010704,0.00633,0.1186,0.12115,0.003311,0.0,0.075,0.07306,0.10693,0.1022,0.06464,0.0633,0.1062,0.01,0.04498,0.04758,0.1366,0.1362,0.04608,0.0443,0.1676,0.1688,0.0884,0.01666,0.01657,0.03192,0.1132,0.1085,0.1075,0.1038,0.0,0.0,0.0,0.0,0.0,0.0,0.0,0.0,0.0,0.0
00:00:05:10,61,0.01,0.03473,0.05212,0.01303,0.08264,0.2363,0.12354,0.01,0.03476,0.0676,0.01088,0.08276,0.2374,0.1231,0.05142,0.013275,0.00964,0.0588,0.05273,0.11017,0.0644,0.01347,0.006336,0.1015,0.103,0.0125,0.00769,0.0821,0.0804,0.10913,0.1043,0.0712,0.0705,0.1007,0.01,0.04282,0.0457,0.1263,0.1255,0.04486,0.04364,0.1697,0.171,0.08484,0.015495,0.01541,0.0338,0.1014,0.0982,0.1025,0.0998,0.0,0.0,0.0,0.0,0.0,0.0,0.0,0.0,0.0,0.0
00:00:05:12,61,0.01,0.03384,0.05093,0.01341,0.09454,0.247,0.1276,0.01,0.03387,0.067,0.0077,0.0947,0.2482,0.1271,0.0551,0.01235,0.009926,0.0511,0.04837,0.1004,0.0604,0.01344,0.006695,0.0874,0.08856,0.0184,0.01377,0.1017,0.10065,0.10693,0.1019,0.08563,0.0724,0.11456,0.01,0.04532,0.0487,0.11127,0.1108,0.0403,0.0395,0.1727,0.1743,0.0998,0.01349,0.01338,0.03748,0.09827,0.096,0.0982,0.09576,0.0,0.0,0.0,0.0,0.0,0.0,0.0,0.0,0.0,0.0
00:00:05:14,61,0.01,0.03726,0.05295,0.01325,0.0937,0.2466,0.1231,0.01,0.0373,0.0652,0.00817,0.0939,0.2478,0.1226,0.05475,0.01086,0.00997,0.04517,0.04187,0.09503,0.0579,0.01335,0.006603,0.08905,0.0903,0.01979,0.01487,0.11035,0.10956,0.10406,0.0991,0.08966,0.0713,0.12476,0.01,0.04825,0.05197,0.1011,0.1005,0.03903,0.0383,0.1746,0.1763,0.0964,0.02289,0.0228,0.03943,0.0919,0.0897,0.09515,0.0926,0.0,0.0,0.0,0.0,0.0,0.0,0.0,0.0,0.0,0.0
00:00:05:16,61,0.01,0.04108,0.0562,0.012344,0.0859,0.2457,0.11743,0.01,0.0411,0.0653,0.011925,0.08606,0.2468,0.11694,0.05057,0.01,0.00952,0.03918,0.03656,0.0904,0.05508,0.01025,0.00603,0.09686,0.1005,0.0169,0.01164,0.114,0.1137,0.10187,0.09766,0.08594,0.0669,0.1332,0.01,0.04956,0.05344,0.09735,0.09753,0.03528,0.03485,0.1737,0.1757,0.1097,0.03964,0.0396,0.04004,0.0827,0.08075,0.0897,0.0873,0.0,0.0,0.0,0.0,0.0,0.0,0.0,0.0,0.0,0.0
00:00:05:18,61,0.01,0.04587,0.05664,0.0134,0.0702,0.2319,0.10706,0.01,0.04584,0.0665,0.01327,0.0704,0.2328,0.1066,0.04672,0.0097,0.01026,0.0433,0.03946,0.0981,0.06174,0.01263,0.005825,0.10425,0.10516,0.01079,0.005844,0.0951,0.09357,0.10394,0.0988,0.0687,0.0614,0.1143,0.01,0.04385,0.04712,0.10986,0.1087,0.0381,0.0369,0.1632,0.1648,0.121,0.0481,0.04797,0.03653,0.0898,0.0871,0.0956,0.0928,0.0,0.0,0.0,0.0,0.0,0.0,0.0,0.0,0.0,0.0
00:00:05:20,61,0.01,0.04135,0.0564,0.00998,0.07104,0.2362,0.11005,0.01,0.04138,0.0633,0.0124,0.0712,0.2369,0.10956,0.0476,0.01167,0.00944,0.056,0.05173,0.10834,0.0673,0.01214,0.004906,0.1063,0.107,0.007423,0.003448,0.0765,0.0744,0.10876,0.10425,0.06354,0.0653,0.10046,0.01,0.04123,0.04382,0.128,0.1279,0.04034,0.0386,0.154,0.1556,0.1256,0.0589,0.0588,0.03226,0.1028,0.0988,0.0997,0.09564,0.0,0.0,0.0,0.0,0.0,0.0,0.0,0.0,0.0,0.0
00:00:05:22,61,0.01,0.04114,0.05133,0.01138,0.06793,0.2229,0.11475,0.01,0.04117,0.0677,0.01085,0.0681,0.2239,0.1144,0.04843,0.01511,0.00921,0.0696,0.05865,0.1219,0.0672,0.01069,0.00644,0.10315,0.1051,0.003628,0.000359,0.06586,0.0636,0.1116,0.10693,0.05765,0.0666,0.08746,0.01,0.03915,0.04163,0.1552,0.1555,0.0482,0.04614,0.1401,0.1415,0.1271,0.05487,0.0548,0.02835,0.11145,0.1068,0.10297,0.0989,0.0,0.0,0.0,0.0,0.0,0.0,0.0,0.0,0.0,0.0
00:00:05:24,61,0.01,0.03848,0.05237,0.01107,0.0776,0.2216,0.1277,0.01,0.03854,0.0665,0.011536,0.07776,0.2223,0.1273,0.04868,0.01643,0.0098,0.07745,0.06366,0.1282,0.06964,0.01078,0.007374,0.09454,0.0969,0.00396,0.000433,0.05777,0.05585,0.1129,0.1087,0.05273,0.06976,0.0747,0.01,0.03564,0.03763,0.1661,0.1659,0.05,0.0478,0.1371,0.1382,0.1236,0.0448,0.04477,0.02664,0.10754,0.1032,0.1007,0.0975,0.0,0.0,0.0,0.0,0.0,0.0,0.0,0.0,0.0,0.0
00:00:05:26,61,0.01,0.03415,0.0537,0.011375,0.0855,0.2247,0.1393,0.01,0.0342,0.0649,0.010925,0.08563,0.2256,0.1388,0.0516,0.01514,0.010056,0.06824,0.0611,0.1168,0.0691,0.012115,0.006107,0.08435,0.0866,0.01332,0.00846,0.06824,0.0662,0.11426,0.10956,0.06274,0.07336,0.0816,0.01,0.0364,0.03842,0.1411,0.1399,0.04388,0.04193,0.1509,0.1522,0.1118,0.03104,0.03102,0.0303,0.09576,0.0921,0.09503,0.0925,0.0,0.0,0.0,0.0,0.0,0.0,0.0,0.0,0.0,0.0
00:00:05:28,61,0.01,0.03622,0.05545,0.012726,0.0818,0.2222,0.1317,0.01,0.0363,0.0652,0.011986,0.082,0.223,0.1312,0.05133,0.01291,0.01036,0.05768,0.0535,0.10925,0.06635,0.012886,0.005985,0.07935,0.0813,0.01624,0.01105,0.07935,0.0776,0.1109,0.10583,0.06714,0.071,0.0907,0.01,0.03812,0.04044,0.1235,0.12177,0.03915,0.0377,0.1543,0.1558,0.1183,0.03204,0.03195,0.03336,0.0889,0.0859,0.0917,0.08966,0.0,0.0,0.0,0.0,0.0,0.0,0.0,0.0,0.0,0.0
00:00:05:30,61,0.01,0.0311,0.056,0.007782,0.0875,0.2401,0.1377,0.01,0.03119,0.06055,0.01225,0.0877,0.2407,0.1372,0.04684,0.01338,0.00963,0.05713,0.0528,0.1052,0.0674,0.0099,0.004776,0.0867,0.091,0.01127,0.005928,0.0733,0.07153,0.10815,0.1037,0.0637,0.06464,0.1002,0.01,0.04172,0.04376,0.1212,0.12085,0.03622,0.03467,0.1515,0.1531,0.11646,0.04205,0.04196,0.0331,0.0955,0.09186,0.0919,0.08905,0.0,0.0,0.0,0.0,0.0,0.0,0.0,0.0,0.0,0.0
00:00:05:32,61,0.01,0.03778,0.05554,0.010895,0.08026,0.2311,0.1277,0.01,0.03784,0.06384,0.012215,0.08044,0.2318,0.1272,0.0479,0.01341,0.01043,0.0606,0.0537,0.112,0.0669,0.00973,0.007133,0.102,0.1051,0.006687,0.002234,0.0698,0.06793,0.11115,0.1062,0.05917,0.06604,0.091,0.01,0.0393,0.04166,0.1404,0.1393,0.04474,0.04272,0.1519,0.1532,0.11847,0.04346,0.0434,0.03008,0.0991,0.09515,0.09766,0.0948,0.0,0.0,0.0,0.0,0.0,0.0,0.0,0.0,0.0,0.0
00:00:05:34,61,0.01,0.03748,0.0564,0.00991,0.0798,0.222,0.1234,0.01,0.03754,0.0621,0.01251,0.07996,0.2228,0.1229,0.0481,0.014275,0.01013,0.0697,0.05756,0.1176,0.06775,0.010056,0.007263,0.0951,0.09796,0.005634,0.001777,0.06335,0.06174,0.1112,0.10693,0.0556,0.0656,0.0842,0.01,0.03802,0.04004,0.1506,0.1498,0.0461,0.0441,0.149,0.1504,0.11053,0.03345,0.03342,0.02776,0.09937,0.0954,0.0969,0.09436,0.0,0.0,0.0,0.0,0.0,0.0,0.0,0.0,0.0,0.0
00:00:05:36,61,0.01,0.03577,0.05905,0.00958,0.08276,0.2179,0.1265,0.01,0.0359,0.05975,0.013596,0.08295,0.2184,0.126,0.04788,0.01473,0.010414,0.072,0.06027,0.1195,0.0697,0.01107,0.007267,0.0908,0.0926,0.006275,0.002419,0.05927,0.05756,0.11176,0.10754,0.052,0.0658,0.0758,0.01,0.03552,0.03714,0.1528,0.1512,0.0482,0.04596,0.1545,0.1559,0.1034,0.02278,0.02281,0.02621,0.09644,0.0928,0.0965,0.09454,0.0,0.0,0.0,0.0,0.0,0.0,0.0,0.0,0.0,0.0
00:00:05:38,61,0.01,0.0329,0.0602,0.00938,0.08325,0.2186,0.1293,0.01,0.03302,0.05807,0.013374,0.08344,0.2191,0.1289,0.04846,0.01428,0.01034,0.06793,0.05902,0.1137,0.0707,0.011696,0.006794,0.0814,0.0827,0.00962,0.005417,0.06366,0.0619,0.1107,0.10626,0.05533,0.06537,0.08,0.01,0.03638,0.03796,0.142,0.1404,0.04715,0.04486,0.1636,0.1649,0.0978,0.0195,0.01955,0.02792,0.08887,0.08496,0.0921,0.09015,0.0,0.0,0.0,0.0,0.0,0.0,0.0,0.0,0.0,0.0
00:00:05:40,61,0.01,0.0315,0.0556,0.01082,0.0818,0.2255,0.12476,0.01,0.0316,0.0632,0.01146,0.082,0.226,0.1243,0.05106,0.014534,0.01031,0.06064,0.05634,0.10913,0.0681,0.01127,0.00685,0.0704,0.0724,0.01359,0.00927,0.0704,0.06903,0.1102,0.1055,0.0629,0.0664,0.08765,0.01,0.03708,0.03906,0.131,0.1301,0.0426,0.04074,0.1587,0.1602,0.1294,0.02339,0.02327,0.0318,0.0911,0.0877,0.0904,0.0883,0.0,0.0,0.0,0.0,0.0,0.0,0.0,0.0,0.0,0.0
00:00:05:42,61,0.01,0.03476,0.05377,0.01124,0.0786,0.2292,0.11945,0.01,0.03482,0.0655,0.01138,0.07874,0.2299,0.119,0.05212,0.013306,0.010124,0.05798,0.05334,0.1087,0.06604,0.01225,0.00641,0.0704,0.07227,0.01408,0.01005,0.08044,0.0791,0.1095,0.1052,0.06854,0.067,0.09656,0.01,0.03983,0.04233,0.1227,0.1227,0.0398,0.0387,0.1517,0.1531,0.1337,0.03845,0.0383,0.03345,0.09515,0.09235,0.0933,0.0909,0.0,0.0,0.0,0.0,0.0,0.0,0.0,0.0,0.0,0.0
00:00:05:44,61,0.01,0.03848,0.05258,0.01208,0.077,0.2313,0.1176,0.01,0.03854,0.0671,0.01051,0.0772,0.232,0.1172,0.05273,0.01201,0.010155,0.05273,0.04852,0.1062,0.0638,0.01311,0.00605,0.0745,0.07635,0.01608,0.0117,0.08795,0.0867,0.1093,0.1048,0.0725,0.069,0.1038,0.01,0.04144,0.04425,0.11523,0.1153,0.03702,0.03598,0.147,0.1484,0.1466,0.0538,0.05362,0.03598,0.093,0.09015,0.09174,0.0892,0.0,0.0,0.0,0.0,0.0,0.0,0.0,0.0,0.0,0.0
00:00:05:46,61,0.01,0.04303,0.0534,0.013756,0.0752,0.2264,0.1162,0.01,0.04306,0.06775,0.01055,0.0754,0.2275,0.11584,0.05188,0.01051,0.010475,0.04904,0.04434,0.1034,0.061,0.012985,0.00705,0.07935,0.0812,0.01459,0.0105,0.0981,0.09686,0.10815,0.10345,0.0749,0.06824,0.11053,0.01,0.0433,0.0465,0.1126,0.11255,0.03662,0.03574,0.1471,0.1487,0.146,0.06165,0.0615,0.03607,0.0871,0.0842,0.09015,0.0879,0.0,0.0,0.0,0.0,0.0,0.0,0.0,0.0,0.0,0.0
00:00:05:48,61,0.01,0.04553,0.05276,0.014206,0.0758,0.2256,0.1176,0.01,0.0455,0.0685,0.01002,0.076,0.2267,0.1172,0.05148,0.01019,0.01054,0.04623,0.04144,0.10034,0.0602,0.01229,0.00701,0.0837,0.0864,0.01438,0.009926,0.1016,0.1006,0.1077,0.10297,0.0757,0.068,0.11536,0.01,0.04428,0.04764,0.1108,0.11084,0.0363,0.03552,0.147,0.1486,0.1516,0.07196,0.07184,0.03683,0.0815,0.07855,0.08734,0.0852,0.0,0.0,0.0,0.0,0.0,0.0,0.0,0.0,0.0,0.0
00:00:05:50,61,0.01,0.049,0.05334,0.01616,0.0743,0.2211,0.1138,0.01,0.04898,0.0697,0.00994,0.07446,0.2224,0.1134,0.0518,0.00955,0.01107,0.044,0.03986,0.1002,0.0595,0.01256,0.00799,0.0863,0.08813,0.01483,0.01033,0.10516,0.10406,0.1086,0.1032,0.076,0.06885,0.11304,0.01,0.04288,0.04633,0.1123,0.11163,0.03708,0.0361,0.1456,0.1471,0.1665,0.0784,0.07825,0.03693,0.0794,0.0768,0.08673,0.08496,0.0,0.0,0.0,0.0,0.0,0.0,0.0,0.0,0.0,0.0
00:00:05:52,61,0.01,0.05115,0.05206,0.01657,0.07336,0.2211,0.1116,0.01,0.05112,0.0714,0.009636,0.07355,0.2224,0.1112,0.05182,0.00982,0.01072,0.04306,0.03864,0.0995,0.05865,0.01232,0.00762,0.0877,0.0897,0.0155,0.010895,0.1081,0.10693,0.1081,0.10254,0.0778,0.0692,0.1163,0.01,0.04376,0.04733,0.1117,0.1114,0.0363,0.03543,0.141,0.1426,0.1742,0.08655,0.0863,0.03763,0.08,0.0774,0.08624,0.0842,0.0,0.0,0.0,0.0,0.0,0.0,0.0,0.0,0.0,0.0
00:00:05:54,61,0.01,0.0546,0.05313,0.01654,0.0691,0.2137,0.1072,0.01,0.05453,0.0706,0.009796,0.0693,0.2152,0.1068,0.05188,0.010025,0.01036,0.0424,0.03708,0.09766,0.0572,0.01165,0.007633,0.0893,0.0912,0.01709,0.01255,0.1123,0.11115,0.1066,0.101,0.08105,0.0693,0.1211,0.01,0.04565,0.04932,0.1122,0.1121,0.0367,0.03592,0.1385,0.1401,0.177,0.0904,0.09015,0.03775,0.0784,0.0754,0.08484,0.0825,0.0,0.0,0.0,0.0,0.0,0.0,0.0,0.0,0.0,0.0
00:00:05:56,61,0.01,0.05252,0.053,0.01695,0.0698,0.2129,0.1036,0.01,0.05246,0.0711,0.00868,0.06995,0.2144,0.1032,0.04712,0.01119,0.008995,0.04245,0.04007,0.0972,0.05786,0.00872,0.0087,0.08966,0.09314,0.01076,0.007298,0.11035,0.11066,0.10474,0.10004,0.0779,0.06018,0.1285,0.01,0.0462,0.0498,0.11273,0.1125,0.0369,0.0366,0.1438,0.1454,0.1885,0.0759,0.07574,0.0376,0.0849,0.0836,0.0877,0.08685,0.0,0.0,0.0,0.0,0.0,0.0,0.0,0.0,0.0,0.0
00:00:05:58,61,0.01,0.0381,0.0371,0.02193,0.06696,0.2048,0.1234,0.01,0.03806,0.08514,0.004986,0.06696,0.2051,0.1232,0.04745,0.00825,0.00846,0.04108,0.0363,0.09863,0.0581,0.01098,0.00408,0.07135,0.0818,0.016,0.01018,0.0749,0.0754,0.0998,0.0958,0.0575,0.05923,0.0873,0.01,0.03317,0.03687,0.11346,0.11523,0.0358,0.0383,0.1365,0.138,0.1561,0.1093,0.1089,0.0326,0.0766,0.0753,0.0756,0.07306,0.0,0.0,0.0,0.0,0.0,0.0,0.0,0.0,0.0,0.0
